name;price;quantity;category;fromCity;isAvailable;views
amazing serum;21.16;814;cosmetics;Кишинев;False;12499
stylish plumbing;10.83;973;tools;Мадрид;False;82331
HP LaserJet Pro;85596;49;Барселона;True;80559
amazing body wash;75.82;483;cosmetics;Сория;True;9591
HP LaserJet Pro;90635;24;Тбилиси;True;93854
trendy boysenberry;52.99;655;fruit;Авилес;True;63060
refined ladder;43.86;1025;tools;Алма-Ата;True;82506
gorgeous hammer;81.91;712;tools;Минск;True;3420
marvelous wheelbarrow;61.62;895;tools;Мурсия;True;79416
Samsung 970 EVO SSD;21511;30;Ла-Корунья;True;61099
trendy drywall;40.13;803;tools;Алькала-де-Энарес;True;63832
gorgeous cherry;20.73;630;fruit;Ташкент;False;83399
elegant windows;96.11;798;tools;Монсон;False;82024
glamorous flooring;32.91;530;tools;Пласенсия;False;91442
pretty toothpaste;19.39;650;cosmetics;Луарка;True;67942
stylish sunscreen;21.71;710;cosmetics;Прага;True;28117
gorgeous body wash;68.31;923;cosmetics;Авилес;True;32011
tasteful baseboard;24.52;537;tools;Барселона;False;85606
tasteful ladder;71.54;677;tools;Сан-Себастьян;True;23754
Ricoh Aficio MP;46247;24;Самора;False;42808
luxurious shovel;52.34;707;tools;Осера;True;9012
glamorous night cream;60.45;837;cosmetics;Минск;False;84563
pleasant cranberry;93.89;864;fruit;Бургос;True;42186
elegant nail polish;34.87;541;cosmetics;Сеговия;True;6038
trendy banana;57.72;560;fruit;Малага;False;10726
stylish roofing;35.78;498;tools;Бургос;False;21220
NVIDIA GeForce GTX 1050;29174;76;Гранада;True;15875
Logitech Wireless Keyboard;77469;77;Монсон;True;70817
marvelous screws;22.69;792;tools;Бильбао;False;63933
Corsair HS60;24838;52;Валенсия;True;23710
marvelous orange;22.03;948;fruit;Льейда;False;54051
Samsung 970 EVO SSD;44244;37;Вроцлав;True;94623
amazing raspberry;25.81;626;fruit;Авилес;True;39268
Brother DCP-T510W;76748;73;Тарраса;True;92633
stylish shovel;74.78;990;tools;Сьюдад-Реаль;True;46219
Razer Variau;70416;31;Мартоса;False;70958
pleasant wallpaper;71.08;559;tools;Артейхо;False;38878
attractive orange;54.43;667;fruit;Любляна;True;99383
pretty lip balm;25.63;524;cosmetics;Хельсинки;False;75447
gorgeous perfume;97.31;539;cosmetics;Рига;True;833
glamorous siding;61.48;881;tools;Любляна;False;62401
stylish conditioner;55.76;652;cosmetics;Санкт-Петербург;True;67976
stylish peach;32.37;811;fruit;Картахена;True;32016
marvelous baby shampoo;45.69;778;cosmetics;Навалькарнеро;False;25143
Samsung 970 EVO SSD;39787;22;Эльче;False;59235
Samsung 970 EVO SSD;51125;68;Луарка;True;60566
marvelous manicure set;87.13;924;cosmetics;Бургос;True;80559
pleasant banana;88.92;558;fruit;Сеговия;True;80159
EVGA 500B 80+ BRONZE;76505;73;Санкт-Петербург;True;90851
elegant baby shampoo;68.94;690;cosmetics;Алма-Ата;False;2910
WD Blue HDD;54372;55;Вальядолид;True;85557
AMD Ryzen 5;95390;42;Сараево;False;65168
gorgeous level;60.3;753;tools;Кордова;False;3018
refined banana;89.46;917;fruit;Хихон;False;17580
stylish blueberry;72.1;710;fruit;Бланес;True;89374
marvelous paint;42.48;956;tools;Осера;False;13937
HP LaserJet Pro;64379;62;Бланес;True;70132
marvelous mango;56.11;721;fruit;Ла-Корунья;True;70768
amazing blueberry;65.92;750;fruit;Белград;True;50440
WD Blue HDD;10808;15;Минск;False;26679
beautiful siding;95.14;901;tools;Скопье;True;23561
gorgeous doors;24.19;871;tools;Касерес;True;53443
pretty windows;57.06;830;tools;Аликанте;False;16335
beautiful manicure set;28.7;829;cosmetics;Киев;False;71103
Ricoh Aficio MP;58067;77;Хельсинки;False;87270
trendy body wash;46.74;950;cosmetics;Мадрид;True;91003
beautiful axe;44.78;792;tools;Эльче;True;16113
Logitech Wireless Keyboard;35724;40;Сан-Себастьян;True;80789
pleasant facial cleanser;64.62;898;cosmetics;Хихон;False;82498
stylish boysenberry;62.96;674;fruit;Валенсия;False;78479
tasteful baby shampoo;51.41;665;cosmetics;Рига;False;23196
exquisite nail polish;17.12;924;cosmetics;Барселона;True;42289
amazing bubble bath;69.86;750;cosmetics;Хихон;False;13472
attractive tile;42.15;679;tools;Ташкент;True;70363
gorgeous melon;66.77;634;fruit;Самора;False;8399
pleasant serum;95.22;641;cosmetics;Мерида;True;47010
elegant trim;55.09;982;tools;Вроцлав;False;14988
Epson Expression Home XP;67777;67;Краков;False;92895
glamorous apple;53.16;509;fruit;Краков;False;28435
Epson Expression Home XP;59740;35;Сантьяго-де-Компостела;True;64433
amazing conditioner;33.73;696;cosmetics;Фигерас;True;32140
glamorous raspberry;99.29;943;fruit;Махадаонда;True;45637
Samsung 970 EVO SSD;74389;45;Махадаонда;False;61078
gorgeous conditioner;51.51;920;cosmetics;Гранада;True;60170
refined peach;64.22;812;fruit;Бланес;False;43619
refined apple;74.5;644;fruit;Сория;False;41022
refined raspberry;40.2;778;fruit;Луго;True;6126
gorgeous roofing;51.06;796;tools;Севилья;True;67119
Intel Core i5;54947;75;Картахена;False;92084
NVIDIA GeForce GTX 1050;75048;22;Москва;False;12044
pretty flooring;94.04;745;tools;Гранада;True;7874
elegant papaya;77.85;764;fruit;Кишинев;False;51774
SteelSeries Arctis 7;59800;45;Подгорица;False;22584
magnificent peach;24.09;831;fruit;Артейхо;False;66402
AMD Ryzen 5;43750;48;Мадрид;True;99891
delightful face wash;49.6;506;cosmetics;Камбадос;False;93526
delightful lotion;39.14;793;cosmetics;Киев;True;34279
WD Blue HDD;29458;57;Санхенхо;False;14570
beautiful trim;94.34;763;tools;Тбилиси;False;88418
Corsair HS60;58180;20;Вальядолид;True;45014
HyperX DDR4 RAM;75866;44;Алькала-де-Энарес;False;39553
Kingston Canvas Select Plus;72843;56;Мурсия;False;52837
refined pedicure set;42.47;849;cosmetics;Бургос;False;35742
nice toner;98.5;589;cosmetics;Бильбао;False;76006
delightful apple;56.98;718;fruit;Подгорица;True;80294
sublime shovel;14.74;523;tools;Бильбао;False;43572
pleasant roofing;94.12;632;tools;Бильбао;False;38627
delightful eye cream;31.98;877;cosmetics;Астана;True;85338
Brother DCP-T510W;21559;70;Загреб;False;47960
pleasant moisturizer;81.14;632;cosmetics;Мерида;True;85061
Corsair HS60;97791;69;Луарка;True;18425
Epson Expression Home XP;99552;10;Таллин;False;89974
Razer Variau;65107;26;Луго;True;28728
EVGA 500B 80+ BRONZE;98797;64;Валенсия;True;71369
pleasant moisturizer;56.05;711;cosmetics;Сараево;True;4229
elegant nail file;93.2;720;cosmetics;Камбадос;True;89095
Intel Core i5;37385;68;Бланес;False;86686
NVIDIA GeForce GTX 1050;84399;58;Валенсия;True;76459
glamorous sunscreen;35.76;570;cosmetics;Сараево;False;19598
magnificent plum;51.29;683;fruit;Осера;False;77591
sublime strawberry;28.8;925;fruit;Санхенхо;False;85006
WD Blue HDD;19807;35;Москва;False;6465
Canon PIXMA;32898;74;Кордова;True;73053
NVIDIA GeForce GTX 1050;31776;26;Хихон;False;2585
magnificent insulation;59.37;576;tools;Кордова;False;452
Canon PIXMA;27739;63;Фигерас;True;85156
Epson Expression Home XP;93603;48;Кордова;True;78266
NVIDIA GeForce GTX 1050;16470;11;Алькала-де-Энарес;True;32944
delightful apricot;74.82;564;fruit;Вальядолид;True;32249
nice baby shampoo;87.99;510;cosmetics;Краков;False;36277
nice ladder;93.06;574;tools;Вильявисиоса;False;16901
Brother DCP-T510W;47293;61;Эль-Пуэрто-де-Санта-Мария;True;78956
pretty flooring;77.02;801;tools;Махадаонда;True;77443
luxurious sunscreen;56.11;941;cosmetics;Эльче;False;66829
glamorous face wash;14.25;874;cosmetics;Будапешт;True;21496
trendy tile;81.69;713;tools;Варшава;False;149
tasteful toothpaste;18.15;635;cosmetics;Куэнка;False;65716
stylish manicure set;79.81;839;cosmetics;Кадакес;False;29746
refined shovel;72.93;471;tools;Гранада;True;47181
nice body wash;81.3;888;cosmetics;Махадаонда;True;62976
refined moisturizer;56.43;620;cosmetics;Мадрид;True;59919
Epson Expression Home XP;22889;42;Скопье;False;30063
delightful scaffolding;77.74;714;tools;Хихон;True;26849
tasteful grapes;85.63;458;fruit;Артейхо;True;6161
pleasant face wash;96.74;898;cosmetics;Бланес;True;97418
elegant facial cleanser;95.57;771;cosmetics;Таллин;True;11308
delightful doors;88.15;617;tools;Кишинев;True;62123
exquisite screws;52.02;794;tools;Мартоса;True;24449
trendy cranberry;91.43;869;fruit;Бишкек;False;56913
superb baseboard;61.48;532;tools;Хихон;False;70148
refined melon;62.98;782;fruit;Минск;False;51336
sublime flooring;23.88;869;tools;Астана;False;89271
stylish insulation;87.17;740;tools;Душанбе;False;95001
NVIDIA GeForce GTX 1050;25720;43;Скопье;False;64730
Ricoh Aficio MP;57650;36;Варшава;True;71419
trendy deodorant;52.05;796;cosmetics;Варшава;False;32182
amazing nails;69.31;695;tools;Бургос;True;32840
Brother DCP-T510W;31217;57;Москва;True;36853
refined pineapple;64.03;615;fruit;Кишинев;True;39473
pretty sunscreen;32.22;852;cosmetics;Кордова;True;65144
stylish pineapple;22.7;724;fruit;Баку;True;59378
glamorous guava;27.46;1024;fruit;Луарка;False;54323
Samsung 970 EVO SSD;16222;66;Астана;True;32523
glamorous electrical;15.4;763;tools;Аликанте;True;19605
sublime lotion;52.23;643;cosmetics;Вальядолид;True;44427
beautiful guava;54.3;817;fruit;Картахена;False;91255
elegant tape measure;27.21;950;tools;Куэнка;True;62037
exquisite plum;84.8;747;fruit;Мартоса;True;47300
magnificent apple;17.5;581;fruit;Валенсия;True;82613
nice paint;39.62;859;tools;Алма-Ата;True;11832
Kingston Canvas Select Plus;45856;16;Осера;False;15929
attractive nails;33.26;862;tools;Овьедо;False;98783
Samsung 970 EVO SSD;83564;76;Артейхо;True;47498
exquisite pedicure set;23.01;497;cosmetics;Вильявисиоса;True;13511
marvelous drywall;61.96;589;tools;Мурсия;False;41836
Razer Variau;42135;47;Вроцлав;False;70278
tasteful electrical;28.95;848;tools;Тудела;True;90485
WD Blue HDD;79190;29;Скопье;True;21294
beautiful plumbing;15.47;580;tools;Баку;False;82028
sublime tile;76.7;847;tools;Льейда;True;85219
glamorous plum;70.27;773;fruit;Эль-Пуэрто-де-Санта-Мария;False;85386
gorgeous ladder;86.05;882;tools;Скопье;True;49433
NVIDIA GeForce GTX 1050;92466;20;Самора;False;14727
magnificent wallpaper;17.46;996;tools;Минск;False;88683
luxurious night cream;57.23;781;cosmetics;Хихон;True;58318
EVGA 500B 80+ BRONZE;87442;51;Бишкек;False;3303
pretty drywall;16.5;966;tools;Тирана;True;12472
delightful siding;75.71;716;tools;Вильявисиоса;True;76288
marvelous facial cleanser;38.49;870;cosmetics;Льейда;True;319
pretty nails;89.52;618;tools;Афины;True;17497
AMD Ryzen 5;99941;18;Краков;False;1075
luxurious kiwifruit;46.75;763;fruit;Навалькарнеро;True;80280
superb raspberry;35.11;836;fruit;Луго;True;96123
gorgeous shampoo;63.13;573;cosmetics;Сьюдад-Реаль;True;36528
glamorous guava;23.47;606;fruit;Семана;True;12995
exquisite moustache wax;82.41;774;cosmetics;Варшава;True;79889
Corsair HS60;12175;33;Хихон;True;82508
glamorous chisel;26.89;720;tools;Санкт-Петербург;True;18635
Logitech Wireless Keyboard;28071;27;Сьюдад-Реаль;True;37376
sublime lotion;13.28;642;cosmetics;Тарраса;False;28406
trendy wallpaper;59.59;710;tools;Куэнка;True;60150
refined windows;80.38;935;tools;Фигерас;True;24871
WD Blue HDD;93967;29;Камбадос;True;89308
magnificent trim;75.43;778;tools;Сория;True;42512
refined mango;11.06;624;fruit;Вильявисиоса;False;45069
Canon PIXMA;72913;39;Подгорица;True;75660
luxurious lotion;53.16;767;cosmetics;Алма-Ата;False;74487
refined face wash;62.63;604;cosmetics;Авилес;True;25724
delightful doors;70.19;593;tools;Мадрид;True;31444
NVIDIA GeForce GTX 1050;21899;14;Подгорица;False;14113
marvelous glue;50.59;809;tools;Сьюдад-Реаль;False;96682
attractive moisturizer;98.79;878;cosmetics;Вильявисиоса;False;71888
attractive toner;18.33;784;cosmetics;Валенсия;False;71489
nice pedicure set;77.77;498;cosmetics;Артейхо;True;59906
WD Blue HDD;36978;30;Мурсия;True;82445
amazing lotion;26.69;552;cosmetics;Киев;True;82874
exquisite electrical;69.38;758;tools;Трухильо;True;77798
