[
    {
        "job": "Учитель",
        "salary": 198024,
        "id": 2362820,
        "city": "Астана",
        "year": 2017,
        "age": 23
    },
    {
        "job": "Психолог",
        "salary": 197438,
        "id": 6686873,
        "city": "Осера",
        "year": 2016,
        "age": 21
    },
    {
        "job": "Врач",
        "salary": 196739,
        "id": 5266460,
        "city": "Сантьяго-де-Компостела",
        "year": 2016,
        "age": 20
    },
    {
        "job": "Врач",
        "salary": 195729,
        "id": 8380236,
        "city": "Трухильо",
        "year": 2013,
        "age": 23
    },
    {
        "job": "Психолог",
        "salary": 195718,
        "id": 4997836,
        "city": "Будапешт",
        "year": 2013,
        "age": 23
    },
    {
        "job": "Косметолог",
        "salary": 195526,
        "id": 9094062,
        "city": "Хельсинки",
        "year": 2008,
        "age": 29
    },
    {
        "job": "Водитель",
        "salary": 193768,
        "id": 2530999,
        "city": "Сараево",
        "year": 2016,
        "age": 22
    },
    {
        "job": "Психолог",
        "salary": 191672,
        "id": 2375262,
        "city": "Хельсинки",
        "year": 2018,
        "age": 18
    },
    {
        "job": "Врач",
        "salary": 191496,
        "id": 2816643,
        "city": "Гранада",
        "year": 2022,
        "age": 28
    },
    {
        "job": "Врач",
        "salary": 191239,
        "id": 7894114,
        "city": "Гранада",
        "year": 2004,
        "age": 18
    },
    {
        "job": "Программист",
        "salary": 186846,
        "id": 2302075,
        "city": "Ташкент",
        "year": 2013,
        "age": 19
    },
    {
        "job": "Оператор call-центра",
        "salary": 182459,
        "id": 8694866,
        "city": "Варшава",
        "year": 2004,
        "age": 26
    },
    {
        "job": "Оператор call-центра",
        "salary": 181901,
        "id": 3231121,
        "city": "Камбадос",
        "year": 2018,
        "age": 27
    },
    {
        "job": "Психолог",
        "salary": 181588,
        "id": 3980388,
        "city": "Бишкек",
        "year": 2001,
        "age": 19
    },
    {
        "job": "Медсестра",
        "salary": 177676,
        "id": 3268916,
        "city": "Вальядолид",
        "year": 2004,
        "age": 18
    }
]