[
    {
        "job": "Менеджер",
        "salary": 199006,
        "id": 8565520,
        "city": "Бланес",
        "year": 2017,
        "age": 59
    },
    {
        "job": "Косметолог",
        "salary": 198784,
        "id": 5680836,
        "city": "Санхенхо",
        "year": 2006,
        "age": 64
    },
    {
        "job": "Бухгалтер",
        "salary": 198267,
        "id": 1052502,
        "city": "Санкт-Петербург",
        "year": 2004,
        "age": 53
    },
    {
        "job": "Учитель",
        "salary": 198024,
        "id": 2362820,
        "city": "Астана",
        "year": 2017,
        "age": 23
    },
    {
        "job": "Оператор call-центра",
        "salary": 197930,
        "id": 3250149,
        "city": "Бишкек",
        "year": 2008,
        "age": 47
    },
    {
        "job": "Программист",
        "salary": 197835,
        "id": 6502352,
        "city": "Тудела",
        "year": 2011,
        "age": 32
    },
    {
        "job": "Учитель",
        "salary": 197835,
        "id": 4052444,
        "city": "Сантьяго-де-Компостела",
        "year": 2022,
        "age": 60
    },
    {
        "job": "Психолог",
        "salary": 197438,
        "id": 6686873,
        "city": "Осера",
        "year": 2016,
        "age": 21
    },
    {
        "job": "Архитектор",
        "salary": 196891,
        "id": 5859789,
        "city": "Алькала-де-Энарес",
        "year": 2003,
        "age": 39
    },
    {
        "job": "Врач",
        "salary": 196739,
        "id": 5266460,
        "city": "Сантьяго-де-Компостела",
        "year": 2016,
        "age": 20
    }
]