[
    {
        "job": "Продавец",
        "salary": 43218,
        "id": 9729563,
        "city": "Пласенсия",
        "year": 2006,
        "age": 21
    },
    {
        "job": "Водитель",
        "salary": 150900,
        "id": 8308396,
        "city": "Пласенсия",
        "year": 2007,
        "age": 46
    },
    {
        "job": "Учитель",
        "salary": 56872,
        "id": 5753169,
        "city": "Пласенсия",
        "year": 2004,
        "age": 59
    },
    {
        "job": "Продавец",
        "salary": 158421,
        "id": 7120326,
        "city": "Пласенсия",
        "year": 2022,
        "age": 60
    },
    {
        "job": "Водитель",
        "salary": 107229,
        "id": 7784486,
        "city": "Пласенсия",
        "year": 2010,
        "age": 63
    }
]