[
    {
        "sum_Units Sold": 500144617,
        "max_Units Sold": 10000,
        "min_Units Sold": 1,
        "mean_Units Sold": 5001.44617,
        "std_Units Sold": 2884.5754243937045,
        "sum_Unit Price": 26670398.939999998,
        "max_Unit Price": 668.27,
        "min_Unit Price": 9.33,
        "mean_Unit Price": 266.70398939999995,
        "std_Unit Price": 216.94008096308983,
        "sum_Unit Cost": 18801971.110000003,
        "max_Unit Cost": 524.96,
        "min_Unit Cost": 6.92,
        "mean_Unit Cost": 188.01971110000002,
        "std_Unit Cost": 175.7060230948645
    },
    {
        "Middle East and North Africa": 12580,
        "Central America and the Caribbean": 10731,
        "Sub-Saharan Africa": 26019,
        "Europe": 25877,
        "Asia": 14547,
        "Australia and Oceania": 8113,
        "North America": 2133,
        "Azerbaijan": 551,
        "Panama": 578,
        "Sao Tome and Principe": 573,
        "Belize": 528,
        "Denmark": 529,
        "Germany": 507,
        "Turkey": 541,
        "United Kingdom": 517,
        "Kazakhstan": 533,
        "Haiti": 573,
        "Italy": 517,
        "Malta": 589,
        "Jordan": 554,
        "Cambodia": 584,
        "Saint Kitts and Nevis ": 554,
        "Cameroon": 531,
        "Bahrain": 556,
        "Solomon Islands": 526,
        "Monaco": 524,
        "Comoros": 526,
        "Iceland": 514,
        "Zambia": 541,
        "Egypt": 548,
        "Togo": 523,
        "Saudi Arabia": 529,
        "Morocco": 558,
        "Tunisia ": 584,
        "Angola": 489,
        "Vietnam": 524,
        "Belarus": 539,
        "Myanmar": 535,
        "Lithuania": 549,
        "Switzerland": 504,
        "Antigua and Barbuda ": 515,
        "Mongolia": 523,
        "Greenland": 569,
        "Eritrea": 537,
        "Saint Vincent and the Grenadines": 573,
        "Portugal": 546,
        "Somalia": 535,
        "Israel": 565,
        "Dominica": 538,
        "Luxembourg": 526,
        "Singapore": 548,
        "Cyprus": 533,
        "Botswana": 559,
        "Malawi": 537,
        "Kyrgyzstan": 525,
        "Macedonia": 567,
        "Rwanda": 576,
        "Cape Verde": 547,
        "Pakistan": 549,
        "Libya": 541,
        "Bangladesh": 545,
        "Benin": 539,
        "Burundi": 546,
        "China": 554,
        "Albania": 521,
        "Bulgaria": 569,
        "Central African Republic": 535,
        "Ukraine": 531,
        "Uganda": 554,
        "Ghana": 500,
        "Namibia": 570,
        "Republic of the Congo": 536,
        "Netherlands": 525,
        "Australia": 558,
        "Montenegro": 545,
        "Iraq": 555,
        "Cote d'Ivoire": 575,
        "Mexico": 512,
        "Slovakia": 556,
        "Afghanistan": 551,
        "Indonesia": 561,
        "Thailand": 521,
        "Mali": 538,
        "Lebanon": 529,
        "South Korea": 569,
        "United Arab Emirates": 555,
        "Georgia": 520,
        "Guinea-Bissau": 545,
        "Saint Lucia": 514,
        "Lesotho": 527,
        "Mauritius ": 551,
        "Sudan": 623,
        "Japan": 560,
        "Estonia": 558,
        "Laos": 554,
        "Belgium": 540,
        "Bhutan": 534,
        "United States of America": 506,
        "Sweden": 529,
        "Nepal": 538,
        "Senegal": 547,
        "Dominican Republic": 518,
        "Ethiopia": 554,
        "Djibouti": 539,
        "The Bahamas": 517,
        "Algeria": 520,
        "Costa Rica": 556,
        "Maldives": 545,
        "Mauritania": 533,
        "Liberia": 572,
        "East Timor": 557,
        "Uzbekistan": 508,
        "South Africa": 575,
        "Ireland": 547,
        "India": 540,
        "Swaziland": 536,
        "Slovenia": 522,
        "North Korea": 535,
        "Tanzania": 549,
        "Papua New Guinea": 547,
        "Turkmenistan": 553,
        "Grenada": 558,
        "Greece": 530,
        "Kiribati": 505,
        "Iran": 531,
        "South Sudan": 543,
        "Guinea": 552,
        "Trinidad and Tobago": 523,
        "Vatican City": 590,
        "Norway": 534,
        "Kosovo": 546,
        "Kuwait": 519,
        "Tuvalu": 531,
        "Nicaragua": 507,
        "Croatia": 556,
        "Czech Republic": 554,
        "Sierra Leone": 538,
        "Andorra": 535,
        "Tonga": 529,
        "Finland": 548,
        "Cuba": 540,
        "Syria": 568,
        "El Salvador": 560,
        "Moldova ": 530,
        "Taiwan": 518,
        "Mozambique": 589,
        "Samoa ": 555,
        "Fiji": 531,
        "Democratic Republic of the Congo": 512,
        "Gabon": 534,
        "Hungary": 570,
        "Kenya": 514,
        "France": 548,
        "Marshall Islands": 542,
        "Bosnia and Herzegovina": 558,
        "Russia": 521,
        "Canada": 546,
        "Qatar": 538,
        "Sri Lanka": 529,
        "Spain": 548,
        "Latvia": 553,
        "Romania": 547,
        "Federated States of Micronesia": 574,
        "Barbados": 510,
        "Burkina Faso": 522,
        "Chad": 524,
        "The Gambia": 513,
        "Philippines": 512,
        "Armenia": 527,
        "Zimbabwe": 508,
        "Niger": 542,
        "Madagascar": 540,
        "Serbia": 537,
        "Equatorial Guinea": 545,
        "San Marino": 540,
        "Tajikistan": 534,
        "Oman": 532,
        "Poland": 529,
        "Nauru": 529,
        "Palau": 504,
        "Liechtenstein": 531,
        "Vanuatu": 532,
        "New Zealand": 593,
        "Guatemala": 554,
        "Nigeria": 499,
        "Seychelles ": 561,
        "Malaysia": 507,
        "Brunei": 558,
        "Jamaica": 494,
        "Austria": 521,
        "Honduras": 521,
        "Yemen": 571,
        "Snacks": 8308,
        "Cosmetics": 8370,
        "Fruits": 8262,
        "Personal Care": 8364,
        "Household": 8278,
        "Clothes": 8304,
        "Vegetables": 8282,
        "Office Supplies": 8426,
        "Beverages": 8258,
        "Meat": 8320,
        "Cereal": 8421,
        "Baby Food": 8407,
        "C": 24951,
        "L": 25016,
        "M": 25088,
        "H": 24945
    }
]