[
    {
        "_id": "Афины",
        "min_age": 43,
        "avg_age": 55.714285714285715,
        "max_age": 64
    },
    {
        "_id": "Сан-Себастьян",
        "min_age": 34,
        "avg_age": 53.0,
        "max_age": 64
    },
    {
        "_id": "Трухильо",
        "min_age": 23,
        "avg_age": 51.666666666666664,
        "max_age": 64
    },
    {
        "_id": "Малага",
        "min_age": 23,
        "avg_age": 50.25,
        "max_age": 63
    },
    {
        "_id": "Самора",
        "min_age": 20,
        "avg_age": 47.75,
        "max_age": 63
    },
    {
        "_id": "София",
        "min_age": 24,
        "avg_age": 47.46666666666667,
        "max_age": 65
    },
    {
        "_id": "Скопье",
        "min_age": 25,
        "avg_age": 47.45454545454545,
        "max_age": 64
    },
    {
        "_id": "Санхенхо",
        "min_age": 32,
        "avg_age": 47.38461538461539,
        "max_age": 64
    },
    {
        "_id": "Ташкент",
        "min_age": 19,
        "avg_age": 47.30769230769231,
        "max_age": 64
    },
    {
        "_id": "Артейхо",
        "min_age": 22,
        "avg_age": 46.6,
        "max_age": 62
    },
    {
        "_id": "Эль-Пуэрто-де-Санта-Мария",
        "min_age": 23,
        "avg_age": 46.0,
        "max_age": 61
    },
    {
        "_id": "Бургос",
        "min_age": 18,
        "avg_age": 45.666666666666664,
        "max_age": 65
    },
    {
        "_id": "Валенсия",
        "min_age": 24,
        "avg_age": 45.5,
        "max_age": 61
    },
    {
        "_id": "Куэнка",
        "min_age": 21,
        "avg_age": 45.4,
        "max_age": 65
    },
    {
        "_id": "Вальядолид",
        "min_age": 18,
        "avg_age": 45.1764705882353,
        "max_age": 61
    },
    {
        "_id": "Монсон",
        "min_age": 29,
        "avg_age": 44.92307692307692,
        "max_age": 65
    },
    {
        "_id": "Бишкек",
        "min_age": 19,
        "avg_age": 44.5,
        "max_age": 65
    },
    {
        "_id": "Минск",
        "min_age": 26,
        "avg_age": 44.5,
        "max_age": 64
    },
    {
        "_id": "Вроцлав",
        "min_age": 19,
        "avg_age": 44.5,
        "max_age": 65
    },
    {
        "_id": "Сеговия",
        "min_age": 20,
        "avg_age": 44.4,
        "max_age": 65
    },
    {
        "_id": "Кишинев",
        "min_age": 22,
        "avg_age": 44.06666666666667,
        "max_age": 62
    },
    {
        "_id": "Севилья",
        "min_age": 22,
        "avg_age": 44.0,
        "max_age": 63
    },
    {
        "_id": "Фигерас",
        "min_age": 18,
        "avg_age": 43.7,
        "max_age": 65
    },
    {
        "_id": "Тирана",
        "min_age": 29,
        "avg_age": 43.666666666666664,
        "max_age": 62
    },
    {
        "_id": "Алма-Ата",
        "min_age": 21,
        "avg_age": 43.642857142857146,
        "max_age": 64
    },
    {
        "_id": "Душанбе",
        "min_age": 25,
        "avg_age": 43.375,
        "max_age": 59
    },
    {
        "_id": "Баку",
        "min_age": 23,
        "avg_age": 43.25,
        "max_age": 61
    },
    {
        "_id": "Мерида",
        "min_age": 18,
        "avg_age": 43.07142857142857,
        "max_age": 61
    },
    {
        "_id": "Загреб",
        "min_age": 24,
        "avg_age": 43.0,
        "max_age": 65
    },
    {
        "_id": "Тарраса",
        "min_age": 30,
        "avg_age": 42.888888888888886,
        "max_age": 65
    },
    {
        "_id": "Пласенсия",
        "min_age": 19,
        "avg_age": 42.733333333333334,
        "max_age": 63
    },
    {
        "_id": "Сараево",
        "min_age": 22,
        "avg_age": 42.666666666666664,
        "max_age": 62
    },
    {
        "_id": "Эльче",
        "min_age": 32,
        "avg_age": 42.5,
        "max_age": 65
    },
    {
        "_id": "Навалькарнеро",
        "min_age": 25,
        "avg_age": 42.5,
        "max_age": 62
    },
    {
        "_id": "Краков",
        "min_age": 18,
        "avg_age": 42.31578947368421,
        "max_age": 63
    },
    {
        "_id": "Астана",
        "min_age": 23,
        "avg_age": 42.3,
        "max_age": 56
    },
    {
        "_id": "Любляна",
        "min_age": 23,
        "avg_age": 42.07142857142857,
        "max_age": 65
    },
    {
        "_id": "Лас-Росас",
        "min_age": 19,
        "avg_age": 42.0,
        "max_age": 64
    },
    {
        "_id": "Бланес",
        "min_age": 24,
        "avg_age": 41.93333333333333,
        "max_age": 64
    },
    {
        "_id": "Будапешт",
        "min_age": 23,
        "avg_age": 41.888888888888886,
        "max_age": 64
    },
    {
        "_id": "Сория",
        "min_age": 21,
        "avg_age": 41.642857142857146,
        "max_age": 63
    },
    {
        "_id": "Вильнюс",
        "min_age": 24,
        "avg_age": 41.44444444444444,
        "max_age": 63
    },
    {
        "_id": "Аликанте",
        "min_age": 26,
        "avg_age": 41.285714285714285,
        "max_age": 65
    },
    {
        "_id": "Сантьяго-де-Компостела",
        "min_age": 20,
        "avg_age": 41.0,
        "max_age": 60
    },
    {
        "_id": "Бильбао",
        "min_age": 19,
        "avg_age": 40.81818181818182,
        "max_age": 60
    },
    {
        "_id": "Мартоса",
        "min_age": 18,
        "avg_age": 40.8,
        "max_age": 63
    },
    {
        "_id": "Ереван",
        "min_age": 21,
        "avg_age": 40.733333333333334,
        "max_age": 59
    },
    {
        "_id": "Луарка",
        "min_age": 26,
        "avg_age": 40.72727272727273,
        "max_age": 52
    },
    {
        "_id": "Мадрид",
        "min_age": 20,
        "avg_age": 40.642857142857146,
        "max_age": 55
    },
    {
        "_id": "Алькала-де-Энарес",
        "min_age": 26,
        "avg_age": 40.36363636363637,
        "max_age": 65
    },
    {
        "_id": "Барселона",
        "min_age": 18,
        "avg_age": 40.166666666666664,
        "max_age": 63
    },
    {
        "_id": "Белград",
        "min_age": 18,
        "avg_age": 40.06666666666667,
        "max_age": 59
    },
    {
        "_id": "Виго",
        "min_age": 26,
        "avg_age": 39.857142857142854,
        "max_age": 57
    },
    {
        "_id": "Гранада",
        "min_age": 18,
        "avg_age": 39.666666666666664,
        "max_age": 57
    },
    {
        "_id": "Семана",
        "min_age": 20,
        "avg_age": 39.666666666666664,
        "max_age": 62
    },
    {
        "_id": "Вильявисиоса",
        "min_age": 22,
        "avg_age": 39.5,
        "max_age": 63
    },
    {
        "_id": "Луго",
        "min_age": 18,
        "avg_age": 39.5,
        "max_age": 64
    },
    {
        "_id": "Таллин",
        "min_age": 23,
        "avg_age": 39.357142857142854,
        "max_age": 56
    },
    {
        "_id": "Москва",
        "min_age": 20,
        "avg_age": 39.125,
        "max_age": 57
    },
    {
        "_id": "Камбадос",
        "min_age": 19,
        "avg_age": 38.785714285714285,
        "max_age": 64
    },
    {
        "_id": "Ла-Корунья",
        "min_age": 26,
        "avg_age": 38.666666666666664,
        "max_age": 56
    },
    {
        "_id": "Хихон",
        "min_age": 18,
        "avg_age": 38.63636363636363,
        "max_age": 65
    },
    {
        "_id": "Льейда",
        "min_age": 19,
        "avg_age": 38.285714285714285,
        "max_age": 59
    },
    {
        "_id": "Махадаонда",
        "min_age": 24,
        "avg_age": 37.875,
        "max_age": 56
    },
    {
        "_id": "Мурсия",
        "min_age": 20,
        "avg_age": 37.75,
        "max_age": 61
    },
    {
        "_id": "Тбилиси",
        "min_age": 22,
        "avg_age": 37.642857142857146,
        "max_age": 63
    },
    {
        "_id": "Рига",
        "min_age": 19,
        "avg_age": 37.5,
        "max_age": 60
    },
    {
        "_id": "Авилес",
        "min_age": 22,
        "avg_age": 36.84615384615385,
        "max_age": 65
    },
    {
        "_id": "Подгорица",
        "min_age": 19,
        "avg_age": 36.77777777777778,
        "max_age": 61
    },
    {
        "_id": "Овьедо",
        "min_age": 21,
        "avg_age": 36.57142857142857,
        "max_age": 61
    },
    {
        "_id": "Кадакес",
        "min_age": 19,
        "avg_age": 36.45454545454545,
        "max_age": 64
    },
    {
        "_id": "Варшава",
        "min_age": 18,
        "avg_age": 36.388888888888886,
        "max_age": 61
    },
    {
        "_id": "Картахена",
        "min_age": 18,
        "avg_age": 36.36363636363637,
        "max_age": 49
    },
    {
        "_id": "Прага",
        "min_age": 19,
        "avg_age": 36.357142857142854,
        "max_age": 57
    },
    {
        "_id": "Осера",
        "min_age": 18,
        "avg_age": 36.23076923076923,
        "max_age": 65
    },
    {
        "_id": "Санкт-Петербург",
        "min_age": 18,
        "avg_age": 35.714285714285715,
        "max_age": 53
    },
    {
        "_id": "Хельсинки",
        "min_age": 18,
        "avg_age": 35.388888888888886,
        "max_age": 63
    },
    {
        "_id": "Касерес",
        "min_age": 19,
        "avg_age": 33.857142857142854,
        "max_age": 65
    },
    {
        "_id": "Сьюдад-Реаль",
        "min_age": 20,
        "avg_age": 32.0,
        "max_age": 52
    },
    {
        "_id": "Тудела",
        "min_age": 26,
        "avg_age": 31.375,
        "max_age": 41
    },
    {
        "_id": "Кордова",
        "min_age": 18,
        "avg_age": 28.625,
        "max_age": 48
    }
]