[
    {
        "_id": "Продавец",
        "count": 81
    },
    {
        "_id": "Бухгалтер",
        "count": 64
    },
    {
        "_id": "Архитектор",
        "count": 70
    },
    {
        "_id": "Менеджер",
        "count": 78
    },
    {
        "_id": "Водитель",
        "count": 77
    },
    {
        "_id": "Косметолог",
        "count": 75
    },
    {
        "_id": "Медсестра",
        "count": 71
    },
    {
        "_id": "IT-специалист",
        "count": 76
    },
    {
        "_id": "Врач",
        "count": 85
    },
    {
        "_id": "Инженер",
        "count": 59
    },
    {
        "_id": "Программист",
        "count": 73
    },
    {
        "_id": "Психолог",
        "count": 65
    },
    {
        "_id": "Строитель",
        "count": 68
    },
    {
        "_id": "Оператор call-центра",
        "count": 84
    },
    {
        "_id": "Повар",
        "count": 58
    },
    {
        "_id": "Учитель",
        "count": 78
    }
]