[
    {
        "_id": "Продавец",
        "min_age": 18,
        "avg_age": 41.19753086419753,
        "max_age": 65
    },
    {
        "_id": "Архитектор",
        "min_age": 18,
        "avg_age": 39.714285714285715,
        "max_age": 65
    },
    {
        "_id": "Водитель",
        "min_age": 18,
        "avg_age": 42.58441558441559,
        "max_age": 65
    },
    {
        "_id": "Менеджер",
        "min_age": 19,
        "avg_age": 43.92307692307692,
        "max_age": 65
    },
    {
        "_id": "Косметолог",
        "min_age": 18,
        "avg_age": 41.77333333333333,
        "max_age": 65
    },
    {
        "_id": "Медсестра",
        "min_age": 18,
        "avg_age": 39.88732394366197,
        "max_age": 63
    },
    {
        "_id": "Бухгалтер",
        "min_age": 18,
        "avg_age": 39.859375,
        "max_age": 64
    },
    {
        "_id": "IT-специалист",
        "min_age": 18,
        "avg_age": 40.921052631578945,
        "max_age": 63
    },
    {
        "_id": "Врач",
        "min_age": 18,
        "avg_age": 39.09411764705882,
        "max_age": 65
    },
    {
        "_id": "Инженер",
        "min_age": 19,
        "avg_age": 41.47457627118644,
        "max_age": 64
    },
    {
        "_id": "Программист",
        "min_age": 18,
        "avg_age": 41.78082191780822,
        "max_age": 65
    },
    {
        "_id": "Психолог",
        "min_age": 18,
        "avg_age": 42.04615384615385,
        "max_age": 65
    },
    {
        "_id": "Строитель",
        "min_age": 18,
        "avg_age": 43.9264705882353,
        "max_age": 65
    },
    {
        "_id": "Оператор call-центра",
        "min_age": 18,
        "avg_age": 38.01190476190476,
        "max_age": 63
    },
    {
        "_id": "Повар",
        "min_age": 22,
        "avg_age": 43.01724137931034,
        "max_age": 65
    },
    {
        "_id": "Учитель",
        "min_age": 18,
        "avg_age": 40.833333333333336,
        "max_age": 65
    }
]