[
    {
        "_id": "Льейда",
        "min_age": 19,
        "avg_age": 38.0,
        "max_age": 59
    },
    {
        "_id": "Вильявисиоса",
        "min_age": 22,
        "avg_age": 42.1,
        "max_age": 64
    },
    {
        "_id": "Белград",
        "min_age": 18,
        "avg_age": 39.333333333333336,
        "max_age": 59
    },
    {
        "_id": "Кадакес",
        "min_age": 19,
        "avg_age": 37.214285714285715,
        "max_age": 64
    },
    {
        "_id": "Бланес",
        "min_age": 24,
        "avg_age": 41.6875,
        "max_age": 64
    },
    {
        "_id": "Луарка",
        "min_age": 26,
        "avg_age": 43.214285714285715,
        "max_age": 64
    },
    {
        "_id": "Самора",
        "min_age": 20,
        "avg_age": 47.411764705882355,
        "max_age": 63
    },
    {
        "_id": "Сараево",
        "min_age": 22,
        "avg_age": 44.31578947368421,
        "max_age": 62
    },
    {
        "_id": "Душанбе",
        "min_age": 21,
        "avg_age": 40.7,
        "max_age": 59
    },
    {
        "_id": "Мартоса",
        "min_age": 18,
        "avg_age": 43.46153846153846,
        "max_age": 63
    },
    {
        "_id": "Эльче",
        "min_age": 20,
        "avg_age": 36.583333333333336,
        "max_age": 65
    },
    {
        "_id": "София",
        "min_age": 18,
        "avg_age": 45.705882352941174,
        "max_age": 65
    },
    {
        "_id": "Кордова",
        "min_age": 18,
        "avg_age": 33.0,
        "max_age": 61
    },
    {
        "_id": "Картахена",
        "min_age": 18,
        "avg_age": 36.06666666666667,
        "max_age": 49
    },
    {
        "_id": "Будапешт",
        "min_age": 23,
        "avg_age": 40.5,
        "max_age": 64
    },
    {
        "_id": "Монсон",
        "min_age": 28,
        "avg_age": 42.625,
        "max_age": 65
    },
    {
        "_id": "Тирана",
        "min_age": 29,
        "avg_age": 46.333333333333336,
        "max_age": 62
    },
    {
        "_id": "Малага",
        "min_age": 23,
        "avg_age": 47.0,
        "max_age": 63
    },
    {
        "_id": "Алма-Ата",
        "min_age": 21,
        "avg_age": 44.46666666666667,
        "max_age": 64
    },
    {
        "_id": "Баку",
        "min_age": 23,
        "avg_age": 43.36363636363637,
        "max_age": 61
    },
    {
        "_id": "Москва",
        "min_age": 20,
        "avg_age": 39.125,
        "max_age": 57
    },
    {
        "_id": "Бильбао",
        "min_age": 19,
        "avg_age": 39.416666666666664,
        "max_age": 60
    },
    {
        "_id": "Тарраса",
        "min_age": 26,
        "avg_age": 40.583333333333336,
        "max_age": 65
    },
    {
        "_id": "Овьедо",
        "min_age": 21,
        "avg_age": 39.0,
        "max_age": 61
    },
    {
        "_id": "Осера",
        "min_age": 18,
        "avg_age": 37.3,
        "max_age": 65
    },
    {
        "_id": "Хихон",
        "min_age": 18,
        "avg_age": 39.55555555555556,
        "max_age": 65
    },
    {
        "_id": "Куэнка",
        "min_age": 21,
        "avg_age": 45.5,
        "max_age": 65
    },
    {
        "_id": "Подгорица",
        "min_age": 19,
        "avg_age": 38.0,
        "max_age": 62
    },
    {
        "_id": "Ла-Корунья",
        "min_age": 18,
        "avg_age": 34.714285714285715,
        "max_age": 56
    },
    {
        "_id": "Мерида",
        "min_age": 18,
        "avg_age": 39.55555555555556,
        "max_age": 61
    },
    {
        "_id": "Артейхо",
        "min_age": 22,
        "avg_age": 47.46153846153846,
        "max_age": 62
    },
    {
        "_id": "Фигерас",
        "min_age": 18,
        "avg_age": 44.5,
        "max_age": 65
    },
    {
        "_id": "Хельсинки",
        "min_age": 18,
        "avg_age": 37.38095238095238,
        "max_age": 65
    },
    {
        "_id": "Тудела",
        "min_age": 26,
        "avg_age": 35.6,
        "max_age": 59
    },
    {
        "_id": "Сьюдад-Реаль",
        "min_age": 20,
        "avg_age": 32.0,
        "max_age": 52
    },
    {
        "_id": "Барселона",
        "min_age": 18,
        "avg_age": 42.06666666666667,
        "max_age": 63
    },
    {
        "_id": "Санхенхо",
        "min_age": 32,
        "avg_age": 47.3125,
        "max_age": 64
    },
    {
        "_id": "Санкт-Петербург",
        "min_age": 18,
        "avg_age": 36.94117647058823,
        "max_age": 56
    },
    {
        "_id": "Мурсия",
        "min_age": 20,
        "avg_age": 36.214285714285715,
        "max_age": 61
    },
    {
        "_id": "Бишкек",
        "min_age": 19,
        "avg_age": 44.36363636363637,
        "max_age": 65
    },
    {
        "_id": "Гранада",
        "min_age": 18,
        "avg_age": 36.77777777777778,
        "max_age": 57
    },
    {
        "_id": "Эль-Пуэрто-де-Санта-Мария",
        "min_age": 23,
        "avg_age": 47.2,
        "max_age": 61
    },
    {
        "_id": "Ереван",
        "min_age": 21,
        "avg_age": 40.411764705882355,
        "max_age": 59
    },
    {
        "_id": "Таллин",
        "min_age": 23,
        "avg_age": 40.3125,
        "max_age": 56
    },
    {
        "_id": "Сан-Себастьян",
        "min_age": 30,
        "avg_age": 47.53846153846154,
        "max_age": 64
    },
    {
        "_id": "Кишинев",
        "min_age": 22,
        "avg_age": 44.94117647058823,
        "max_age": 62
    },
    {
        "_id": "Трухильо",
        "min_age": 23,
        "avg_age": 50.06666666666667,
        "max_age": 64
    },
    {
        "_id": "Вальядолид",
        "min_age": 18,
        "avg_age": 45.888888888888886,
        "max_age": 61
    },
    {
        "_id": "Тбилиси",
        "min_age": 22,
        "avg_age": 38.8,
        "max_age": 63
    },
    {
        "_id": "Любляна",
        "min_age": 20,
        "avg_age": 39.9375,
        "max_age": 65
    },
    {
        "_id": "Рига",
        "min_age": 19,
        "avg_age": 36.38461538461539,
        "max_age": 60
    },
    {
        "_id": "Бургос",
        "min_age": 18,
        "avg_age": 45.666666666666664,
        "max_age": 65
    },
    {
        "_id": "Севилья",
        "min_age": 22,
        "avg_age": 44.0,
        "max_age": 63
    },
    {
        "_id": "Астана",
        "min_age": 23,
        "avg_age": 42.92857142857143,
        "max_age": 61
    },
    {
        "_id": "Авилес",
        "min_age": 22,
        "avg_age": 35.46666666666667,
        "max_age": 65
    },
    {
        "_id": "Мадрид",
        "min_age": 20,
        "avg_age": 40.88235294117647,
        "max_age": 55
    },
    {
        "_id": "Ташкент",
        "min_age": 19,
        "avg_age": 47.30769230769231,
        "max_age": 64
    },
    {
        "_id": "Краков",
        "min_age": 18,
        "avg_age": 42.31578947368421,
        "max_age": 63
    },
    {
        "_id": "Навалькарнеро",
        "min_age": 21,
        "avg_age": 39.0,
        "max_age": 62
    },
    {
        "_id": "Варшава",
        "min_age": 18,
        "avg_age": 35.714285714285715,
        "max_age": 61
    },
    {
        "_id": "Семана",
        "min_age": 20,
        "avg_age": 39.9,
        "max_age": 62
    },
    {
        "_id": "Сория",
        "min_age": 21,
        "avg_age": 41.470588235294116,
        "max_age": 65
    },
    {
        "_id": "Минск",
        "min_age": 26,
        "avg_age": 44.5,
        "max_age": 64
    },
    {
        "_id": "Касерес",
        "min_age": 19,
        "avg_age": 34.76470588235294,
        "max_age": 65
    },
    {
        "_id": "Пласенсия",
        "min_age": 19,
        "avg_age": 42.35294117647059,
        "max_age": 63
    },
    {
        "_id": "Валенсия",
        "min_age": 21,
        "avg_age": 44.833333333333336,
        "max_age": 62
    },
    {
        "_id": "Скопье",
        "min_age": 22,
        "avg_age": 46.07692307692308,
        "max_age": 64
    },
    {
        "_id": "Сеговия",
        "min_age": 20,
        "avg_age": 44.75,
        "max_age": 65
    },
    {
        "_id": "Луго",
        "min_age": 18,
        "avg_age": 37.07142857142857,
        "max_age": 64
    },
    {
        "_id": "Вроцлав",
        "min_age": 18,
        "avg_age": 42.05,
        "max_age": 65
    },
    {
        "_id": "Афины",
        "min_age": 26,
        "avg_age": 47.09090909090909,
        "max_age": 64
    },
    {
        "_id": "Махадаонда",
        "min_age": 24,
        "avg_age": 37.875,
        "max_age": 56
    },
    {
        "_id": "Вильнюс",
        "min_age": 24,
        "avg_age": 43.8,
        "max_age": 65
    },
    {
        "_id": "Загреб",
        "min_age": 24,
        "avg_age": 41.714285714285715,
        "max_age": 65
    },
    {
        "_id": "Камбадос",
        "min_age": 19,
        "avg_age": 38.5625,
        "max_age": 64
    },
    {
        "_id": "Сантьяго-де-Компостела",
        "min_age": 19,
        "avg_age": 38.69230769230769,
        "max_age": 60
    },
    {
        "_id": "Алькала-де-Энарес",
        "min_age": 25,
        "avg_age": 38.142857142857146,
        "max_age": 65
    },
    {
        "_id": "Прага",
        "min_age": 19,
        "avg_age": 36.357142857142854,
        "max_age": 57
    },
    {
        "_id": "Лас-Росас",
        "min_age": 19,
        "avg_age": 42.07692307692308,
        "max_age": 64
    },
    {
        "_id": "Виго",
        "min_age": 20,
        "avg_age": 37.77777777777778,
        "max_age": 57
    },
    {
        "_id": "Аликанте",
        "min_age": 26,
        "avg_age": 41.285714285714285,
        "max_age": 65
    }
]