[{"job": "Архитектор", "salary": 93682, "id": 4757912, "city": "Хельсинки", "year": 2004, "age": 19}, {"job": "IT-специалист", "salary": 48049, "id": 7756980, "city": "Эль-Пуэрто-де-Санта-Мария", "year": 2013, "age": 46}, {"job": "Программист", "salary": 118046, "id": 2898860, "city": "Артейхо", "year": 2021, "age": 28}, {"job": "Врач", "salary": 94544, "id": 3485602, "city": "Санкт-Петербург", "year": 2001, "age": 43}, {"job": "Врач", "salary": 27213, "id": 2740951, "city": "Малага", "year": 2017, "age": 44}, {"job": "Врач", "salary": 109060, "id": 9233873, "city": "Любляна", "year": 1999, "age": 40}, {"job": "Менеджер", "salary": 41181, "id": 3538262, "city": "Фигерас", "year": 2002, "age": 52}, {"job": "Водитель", "salary": 69413, "id": 2509500, "city": "Самора", "year": 2006, "age": 58}, {"job": "Повар", "salary": 178318, "id": 3141705, "city": "Артейхо", "year": 2003, "age": 57}, {"job": "Психолог", "salary": 131728, "id": 3270525, "city": "Краков", "year": 2016, "age": 48}, {"job": "Менеджер", "salary": 40921, "id": 6622251, "city": "Лас-Росас", "year": 1999, "age": 56}, {"job": "Учитель", "salary": 106358, "id": 1012368, "city": "Душанбе", "year": 2011, "age": 25}, {"job": "Бухгалтер", "salary": 169766, "id": 1974322, "city": "Подгорица", "year": 2015, "age": 19}, {"job": "Оператор call-центра", "salary": 161602, "id": 6832863, "city": "Алма-Ата", "year": 2005, "age": 22}, {"job": "Менеджер", "salary": 43222, "id": 7191169, "city": "Куэнка", "year": 2012, "age": 60}, {"job": "Менеджер", "salary": 103456, "id": 2068923, "city": "Астана", "year": 2020, "age": 25}, {"job": "IT-специалист", "salary": 195593, "id": 4881862, "city": "Самора", "year": 2006, "age": 28}, {"job": "Оператор call-центра", "salary": 50170, "id": 7360207, "city": "Картахена", "year": 2011, "age": 42}, {"job": "IT-специалист", "salary": 111564, "id": 4434257, "city": "Тбилиси", "year": 2000, "age": 31}, {"job": "Бухгалтер", "salary": 162274, "id": 9559737, "city": "Лас-Росас", "year": 2012, "age": 59}, {"job": "IT-специалист", "salary": 77685, "id": 8468400, "city": "Валенсия", "year": 1999, "age": 53}, {"job": "Врач", "salary": 167237, "id": 4481804, "city": "Монсон", "year": 2017, "age": 44}, {"job": "Архитектор", "salary": 68633, "id": 8865550, "city": "Малага", "year": 2016, "age": 58}, {"job": "Медсестра", "salary": 90239, "id": 2424974, "city": "Эль-Пуэрто-де-Санта-Мария", "year": 2006, "age": 60}, {"job": "Учитель", "salary": 196537, "id": 4284628, "city": "Санхенхо", "year": 2019, "age": 41}, {"job": "Бухгалтер", "salary": 108489, "id": 7303988, "city": "Бланес", "year": 2001, "age": 64}, {"job": "Учитель", "salary": 67105, "id": 2865668, "city": "Осера", "year": 2018, "age": 58}, {"job": "Учитель", "salary": 97327, "id": 1544203, "city": "Ереван", "year": 2001, "age": 53}, {"job": "IT-специалист", "salary": 103057, "id": 6430620, "city": "Самора", "year": 2004, "age": 48}, {"job": "Менеджер", "salary": 66358, "id": 6200035, "city": "Авилес", "year": 2010, "age": 24}, {"job": "Инженер", "salary": 177299, "id": 9589479, "city": "Гранада", "year": 2003, "age": 38}, {"job": "Продавец", "salary": 25457, "id": 6293631, "city": "Валенсия", "year": 2011, "age": 62}, {"job": "Менеджер", "salary": 141743, "id": 4365844, "city": "Аликанте", "year": 2022, "age": 28}, {"job": "Медсестра", "salary": 51484, "id": 6028791, "city": "Эль-Пуэрто-де-Санта-Мария", "year": 2009, "age": 61}, {"job": "Программист", "salary": 141663, "id": 3029356, "city": "Трухильо", "year": 2021, "age": 47}, {"job": "Медсестра", "salary": 43519, "id": 4019166, "city": "Варшава", "year": 2012, "age": 42}, {"job": "Врач", "salary": 128413, "id": 8464666, "city": "Краков", "year": 2022, "age": 38}, {"job": "Учитель", "salary": 73540, "id": 6420975, "city": "Прага", "year": 2007, "age": 57}, {"job": "IT-специалист", "salary": 134852, "id": 5736947, "city": "Белград", "year": 2003, "age": 31}, {"job": "IT-специалист", "salary": 193837, "id": 9704332, "city": "Мурсия", "year": 2021, "age": 24}, {"job": "Врач", "salary": 115032, "id": 3896842, "city": "Аликанте", "year": 2002, "age": 26}, {"job": "Строитель", "salary": 71502, "id": 7616604, "city": "Сеговия", "year": 2000, "age": 54}, {"job": "Менеджер", "salary": 48439, "id": 1822782, "city": "Таллин", "year": 2009, "age": 50}, {"job": "Продавец", "salary": 73124, "id": 9448320, "city": "Сараево", "year": 2019, "age": 50}, {"job": "Продавец", "salary": 24860, "id": 9978787, "city": "Картахена", "year": 2013, "age": 22}, {"job": "Косметолог", "salary": 154254, "id": 2585261, "city": "Баку", "year": 2007, "age": 52}, {"job": "Водитель", "salary": 144711, "id": 9198484, "city": "Тбилиси", "year": 2015, "age": 39}, {"job": "Программист", "salary": 140432, "id": 8107679, "city": "Фигерас", "year": 2017, "age": 38}, {"job": "Архитектор", "salary": 139149, "id": 6723217, "city": "Ла-Корунья", "year": 2007, "age": 26}, {"job": "Учитель", "salary": 22795, "id": 1849905, "city": "Монсон", "year": 2001, "age": 39}, {"job": "Программист", "salary": 105390, "id": 9773185, "city": "Семана", "year": 2015, "age": 40}, {"job": "Бухгалтер", "salary": 46127, "id": 9997601, "city": "Душанбе", "year": 2000, "age": 39}, {"job": "Оператор call-центра", "salary": 197355, "id": 3895159, "city": "Алькала-де-Энарес", "year": 2014, "age": 42}, {"job": "Психолог", "salary": 89330, "id": 3719807, "city": "Хихон", "year": 2013, "age": 40}, {"job": "IT-специалист", "salary": 169253, "id": 3375907, "city": "Виго", "year": 2006, "age": 57}, {"job": "Врач", "salary": 150235, "id": 9278232, "city": "Белград", "year": 2012, "age": 56}, {"job": "Медсестра", "salary": 141911, "id": 7067099, "city": "Махадаонда", "year": 2006, "age": 33}, {"job": "Врач", "salary": 179734, "id": 3468497, "city": "Алма-Ата", "year": 2010, "age": 50}, {"job": "Психолог", "salary": 151319, "id": 7931791, "city": "Сория", "year": 1999, "age": 63}, {"job": "Менеджер", "salary": 43985, "id": 2732001, "city": "Сараево", "year": 2008, "age": 62}, {"job": "Оператор call-центра", "salary": 83492, "id": 5867571, "city": "Касерес", "year": 2009, "age": 19}, {"job": "Программист", "salary": 34553, "id": 4189535, "city": "Трухильо", "year": 2014, "age": 33}, {"job": "IT-специалист", "salary": 193931, "id": 7785293, "city": "Пласенсия", "year": 2001, "age": 19}, {"job": "Программист", "salary": 22042, "id": 2592264, "city": "Вроцлав", "year": 2005, "age": 18}, {"job": "Медсестра", "salary": 124327, "id": 3024782, "city": "Хихон", "year": 2005, "age": 49}, {"job": "Инженер", "salary": 130373, "id": 6840618, "city": "Сараево", "year": 2008, "age": 42}, {"job": "Программист", "salary": 122760, "id": 5100241, "city": "Фигерас", "year": 2001, "age": 59}, {"job": "Строитель", "salary": 48518, "id": 8228809, "city": "Фигерас", "year": 2018, "age": 53}, {"job": "Продавец", "salary": 131108, "id": 8500111, "city": "Мурсия", "year": 2009, "age": 30}, {"job": "Медсестра", "salary": 188460, "id": 8563817, "city": "Ереван", "year": 2021, "age": 21}, {"job": "Оператор call-центра", "salary": 62671, "id": 5314944, "city": "Сараево", "year": 2006, "age": 46}, {"job": "Программист", "salary": 82507, "id": 2838980, "city": "Сантьяго-де-Компостела", "year": 2009, "age": 36}, {"job": "Косметолог", "salary": 184244, "id": 7568158, "city": "Куэнка", "year": 1999, "age": 64}, {"job": "Оператор call-центра", "salary": 120316, "id": 3185786, "city": "Махадаонда", "year": 2022, "age": 24}, {"job": "Врач", "salary": 178529, "id": 4169798, "city": "Вроцлав", "year": 2011, "age": 47}, {"job": "Косметолог", "salary": 190012, "id": 5151124, "city": "Афины", "year": 2017, "age": 58}, {"job": "Бухгалтер", "salary": 112187, "id": 1092710, "city": "Тарраса", "year": 2013, "age": 33}, {"job": "Косметолог", "salary": 63329, "id": 1927396, "city": "Пласенсия", "year": 2012, "age": 55}, {"job": "Повар", "salary": 147664, "id": 3342659, "city": "Бургос", "year": 2008, "age": 47}, {"job": "Менеджер", "salary": 123171, "id": 5928796, "city": "Мадрид", "year": 2000, "age": 36}, {"job": "Водитель", "salary": 142532, "id": 6572599, "city": "Осера", "year": 2012, "age": 33}, {"job": "Медсестра", "salary": 50227, "id": 7275977, "city": "Лас-Росас", "year": 2014, "age": 29}, {"job": "Продавец", "salary": 79113, "id": 6737451, "city": "Вильнюс", "year": 2006, "age": 27}, {"job": "Менеджер", "salary": 22037, "id": 9008634, "city": "Хельсинки", "year": 2007, "age": 65}, {"job": "Бухгалтер", "salary": 24272, "id": 3818413, "city": "Луго", "year": 2011, "age": 21}, {"job": "Медсестра", "salary": 82441, "id": 3485560, "city": "Вальядолид", "year": 2002, "age": 34}, {"job": "Учитель", "salary": 189833, "id": 5743962, "city": "Сеговия", "year": 2005, "age": 36}, {"job": "Менеджер", "salary": 191765, "id": 9423214, "city": "Мурсия", "year": 2002, "age": 36}, {"job": "Продавец", "salary": 70614, "id": 1424811, "city": "Вильявисиоса", "year": 1999, "age": 27}, {"job": "Водитель", "salary": 181234, "id": 8083083, "city": "София", "year": 2009, "age": 63}, {"job": "Инженер", "salary": 148827, "id": 4511062, "city": "Авилес", "year": 2016, "age": 37}, {"job": "Продавец", "salary": 132783, "id": 4327064, "city": "Бильбао", "year": 2018, "age": 44}, {"job": "Строитель", "salary": 154873, "id": 4792099, "city": "Варшава", "year": 2016, "age": 18}, {"job": "Менеджер", "salary": 184723, "id": 4082101, "city": "Монсон", "year": 2002, "age": 48}, {"job": "IT-специалист", "salary": 24697, "id": 1252788, "city": "Кордова", "year": 2002, "age": 53}, {"job": "Оператор call-центра", "salary": 176217, "id": 9603244, "city": "Вильявисиоса", "year": 2011, "age": 39}, {"job": "Повар", "salary": 26229, "id": 1396646, "city": "Тудела", "year": 2010, "age": 59}, {"job": "Бухгалтер", "salary": 81800, "id": 3276450, "city": "Авилес", "year": 2012, "age": 39}, {"job": "Психолог", "salary": 180698, "id": 9529579, "city": "Мартоса", "year": 1999, "age": 30}, {"job": "Архитектор", "salary": 105683, "id": 1945750, "city": "Алма-Ата", "year": 2021, "age": 61}, {"job": "Бухгалтер", "salary": 118458, "id": 9507982, "city": "Хихон", "year": 2020, "age": 56}, {"job": "Строитель", "salary": 66679, "id": 5108044, "city": "Сараево", "year": 2018, "age": 27}, {"job": "Архитектор", "salary": 92180, "id": 1182588, "city": "Вальядолид", "year": 2008, "age": 49}, {"job": "Строитель", "salary": 24098, "id": 1769033, "city": "Сан-Себастьян", "year": 2009, "age": 30}, {"job": "Оператор call-центра", "salary": 44397, "id": 3538624, "city": "Мерида", "year": 2003, "age": 22}, {"job": "Продавец", "salary": 72549, "id": 4430019, "city": "Сараево", "year": 2009, "age": 41}, {"job": "Врач", "salary": 100860, "id": 2631823, "city": "Осера", "year": 2018, "age": 26}, {"job": "Косметолог", "salary": 96069, "id": 8338306, "city": "Скопье", "year": 2017, "age": 57}, {"job": "Врач", "salary": 164069, "id": 9591252, "city": "Камбадос", "year": 2015, "age": 19}, {"job": "Водитель", "salary": 32272, "id": 8362050, "city": "Астана", "year": 2006, "age": 27}, {"job": "Продавец", "salary": 85600, "id": 5704157, "city": "Вальядолид", "year": 2006, "age": 42}, {"job": "Водитель", "salary": 175700, "id": 1967045, "city": "Санхенхо", "year": 2021, "age": 45}, {"job": "Продавец", "salary": 67458, "id": 8888456, "city": "Мадрид", "year": 2010, "age": 39}, {"job": "Оператор call-центра", "salary": 183836, "id": 3035786, "city": "Тудела", "year": 2008, "age": 29}, {"job": "Программист", "salary": 137581, "id": 5432358, "city": "Аликанте", "year": 2014, "age": 37}, {"job": "Архитектор", "salary": 67535, "id": 9927599, "city": "Бильбао", "year": 2012, "age": 21}, {"job": "Программист", "salary": 21775, "id": 9293219, "city": "Артейхо", "year": 2020, "age": 48}, {"job": "Бухгалтер", "salary": 188244, "id": 5349332, "city": "Фигерас", "year": 2007, "age": 59}, {"job": "Психолог", "salary": 149932, "id": 4249269, "city": "Ла-Корунья", "year": 2019, "age": 45}, {"job": "Бухгалтер", "salary": 158859, "id": 4844516, "city": "Мадрид", "year": 2004, "age": 44}, {"job": "Косметолог", "salary": 56883, "id": 9882453, "city": "Мерида", "year": 2002, "age": 35}, {"job": "Психолог", "salary": 48591, "id": 6632744, "city": "Любляна", "year": 2004, "age": 20}, {"job": "Архитектор", "salary": 63458, "id": 9109475, "city": "Кордова", "year": 2020, "age": 21}, {"job": "Оператор call-центра", "salary": 58589, "id": 3431912, "city": "Пласенсия", "year": 2015, "age": 30}, {"job": "Повар", "salary": 147345, "id": 2201496, "city": "Авилес", "year": 2000, "age": 65}, {"job": "Оператор call-центра", "salary": 93215, "id": 2256996, "city": "Ташкент", "year": 2015, "age": 43}, {"job": "Учитель", "salary": 199798, "id": 3917475, "city": "Осера", "year": 2015, "age": 65}, {"job": "Оператор call-центра", "salary": 161627, "id": 4805354, "city": "Минск", "year": 2011, "age": 49}, {"job": "Строитель", "salary": 92228, "id": 2411522, "city": "Минск", "year": 2001, "age": 32}, {"job": "Продавец", "salary": 146005, "id": 9283908, "city": "Малага", "year": 2011, "age": 63}, {"job": "Программист", "salary": 98382, "id": 2530049, "city": "Душанбе", "year": 2015, "age": 33}, {"job": "IT-специалист", "salary": 180299, "id": 2735349, "city": "Камбадос", "year": 2003, "age": 25}, {"job": "Повар", "salary": 93813, "id": 5236719, "city": "Лас-Росас", "year": 2007, "age": 31}, {"job": "Оператор call-центра", "salary": 63914, "id": 6405088, "city": "Тбилиси", "year": 2020, "age": 29}, {"job": "Водитель", "salary": 35022, "id": 8392211, "city": "Баку", "year": 1999, "age": 48}, {"job": "Менеджер", "salary": 118724, "id": 4040335, "city": "Сеговия", "year": 2013, "age": 48}, {"job": "Продавец", "salary": 107049, "id": 9315409, "city": "Мадрид", "year": 2002, "age": 27}, {"job": "Врач", "salary": 118343, "id": 9500879, "city": "Сараево", "year": 2004, "age": 49}, {"job": "Строитель", "salary": 76006, "id": 9460175, "city": "Мерида", "year": 2010, "age": 46}, {"job": "Водитель", "salary": 110286, "id": 5649384, "city": "Санкт-Петербург", "year": 2007, "age": 18}, {"job": "Бухгалтер", "salary": 139769, "id": 7431513, "city": "Кадакес", "year": 2020, "age": 20}, {"job": "Бухгалтер", "salary": 105025, "id": 7628317, "city": "Санхенхо", "year": 2000, "age": 45}, {"job": "Учитель", "salary": 47424, "id": 4933305, "city": "Любляна", "year": 2009, "age": 30}, {"job": "Продавец", "salary": 46740, "id": 5349946, "city": "Эльче", "year": 2010, "age": 21}, {"job": "Врач", "salary": 39539, "id": 7089299, "city": "Санхенхо", "year": 2006, "age": 46}, {"job": "Продавец", "salary": 99899, "id": 2378279, "city": "Москва", "year": 2020, "age": 33}, {"job": "Программист", "salary": 96352, "id": 3365268, "city": "Артейхо", "year": 2011, "age": 62}, {"job": "IT-специалист", "salary": 199094, "id": 1670218, "city": "Ла-Корунья", "year": 2011, "age": 36}, {"job": "Программист", "salary": 138755, "id": 3965744, "city": "Кишинев", "year": 2009, "age": 36}, {"job": "Оператор call-центра", "salary": 169883, "id": 8996977, "city": "Мерида", "year": 2008, "age": 51}, {"job": "Программист", "salary": 30702, "id": 7297340, "city": "Афины", "year": 2007, "age": 26}, {"job": "Бухгалтер", "salary": 135524, "id": 2623438, "city": "Фигерас", "year": 2016, "age": 47}, {"job": "IT-специалист", "salary": 92578, "id": 8378283, "city": "Бургос", "year": 2004, "age": 48}, {"job": "Программист", "salary": 181813, "id": 4229981, "city": "Хихон", "year": 2008, "age": 65}, {"job": "Оператор call-центра", "salary": 58750, "id": 6367086, "city": "Белград", "year": 2020, "age": 37}, {"job": "Повар", "salary": 93841, "id": 8148232, "city": "Пласенсия", "year": 2002, "age": 47}, {"job": "Менеджер", "salary": 56088, "id": 7889022, "city": "Куэнка", "year": 2001, "age": 61}, {"job": "Учитель", "salary": 25066, "id": 4690727, "city": "Сан-Себастьян", "year": 2004, "age": 38}, {"job": "Косметолог", "salary": 122035, "id": 2972381, "city": "Мурсия", "year": 2021, "age": 36}, {"job": "Медсестра", "salary": 68543, "id": 7700384, "city": "Вильявисиоса", "year": 2000, "age": 22}, {"job": "Повар", "salary": 39387, "id": 4445743, "city": "Вильявисиоса", "year": 2008, "age": 64}, {"job": "Продавец", "salary": 59443, "id": 4464559, "city": "Навалькарнеро", "year": 2019, "age": 25}, {"job": "Медсестра", "salary": 165320, "id": 1720377, "city": "Касерес", "year": 2005, "age": 22}, {"job": "Строитель", "salary": 134905, "id": 5144549, "city": "Осера", "year": 2011, "age": 30}, {"job": "Врач", "salary": 95223, "id": 3777040, "city": "Сараево", "year": 2001, "age": 23}, {"job": "Врач", "salary": 82405, "id": 7078751, "city": "Сан-Себастьян", "year": 2020, "age": 43}, {"job": "Врач", "salary": 79907, "id": 4904927, "city": "Сараево", "year": 2008, "age": 50}, {"job": "Бухгалтер", "salary": 22993, "id": 5481477, "city": "Вроцлав", "year": 2002, "age": 36}, {"job": "IT-специалист", "salary": 67392, "id": 8014095, "city": "Картахена", "year": 2004, "age": 43}, {"job": "Учитель", "salary": 21699, "id": 4665510, "city": "Картахена", "year": 2018, "age": 37}, {"job": "Учитель", "salary": 90876, "id": 3210547, "city": "Варшава", "year": 2005, "age": 22}, {"job": "Медсестра", "salary": 131657, "id": 6304518, "city": "Таллин", "year": 2004, "age": 49}, {"job": "Инженер", "salary": 169783, "id": 5983677, "city": "Монсон", "year": 2016, "age": 29}, {"job": "IT-специалист", "salary": 187611, "id": 7032416, "city": "Сеговия", "year": 2013, "age": 52}, {"job": "Программист", "salary": 128898, "id": 5440316, "city": "Санкт-Петербург", "year": 2004, "age": 30}, {"job": "Учитель", "salary": 149074, "id": 3482940, "city": "Льейда", "year": 2002, "age": 19}, {"job": "Инженер", "salary": 50531, "id": 5629019, "city": "Бургос", "year": 2014, "age": 49}, {"job": "Водитель", "salary": 131495, "id": 9031319, "city": "Камбадос", "year": 2009, "age": 32}, {"job": "Бухгалтер", "salary": 63700, "id": 8704768, "city": "Душанбе", "year": 2003, "age": 59}, {"job": "IT-специалист", "salary": 164142, "id": 9463698, "city": "Махадаонда", "year": 2006, "age": 56}, {"job": "Повар", "salary": 199797, "id": 3690719, "city": "Сьюдад-Реаль", "year": 2009, "age": 52}, {"job": "Бухгалтер", "salary": 192716, "id": 8945113, "city": "Картахена", "year": 2019, "age": 25}, {"job": "IT-специалист", "salary": 187554, "id": 5992363, "city": "Краков", "year": 2000, "age": 55}, {"job": "Повар", "salary": 172260, "id": 1819785, "city": "Мурсия", "year": 2019, "age": 56}, {"job": "Оператор call-центра", "salary": 50046, "id": 9613996, "city": "Навалькарнеро", "year": 2021, "age": 55}, {"job": "Оператор call-центра", "salary": 81445, "id": 9427004, "city": "Хельсинки", "year": 2015, "age": 20}, {"job": "Архитектор", "salary": 64243, "id": 3339988, "city": "Астана", "year": 2009, "age": 50}, {"job": "Учитель", "salary": 106182, "id": 9014229, "city": "Хихон", "year": 2004, "age": 27}, {"job": "Оператор call-центра", "salary": 43371, "id": 1614987, "city": "Осера", "year": 2018, "age": 38}, {"job": "Врач", "salary": 38658, "id": 9874917, "city": "Сантьяго-де-Компостела", "year": 2017, "age": 19}, {"job": "Врач", "salary": 96274, "id": 7632668, "city": "Барселона", "year": 2019, "age": 21}, {"job": "Продавец", "salary": 60554, "id": 3100850, "city": "Луарка", "year": 2005, "age": 26}, {"job": "Менеджер", "salary": 72260, "id": 7303000, "city": "Семана", "year": 2010, "age": 36}, {"job": "IT-специалист", "salary": 20634, "id": 6153662, "city": "Сараево", "year": 2007, "age": 43}, {"job": "Учитель", "salary": 118467, "id": 7377179, "city": "Алькала-де-Энарес", "year": 2013, "age": 29}, {"job": "Повар", "salary": 134182, "id": 3850818, "city": "Луарка", "year": 2020, "age": 41}, {"job": "Психолог", "salary": 34078, "id": 4304409, "city": "Мартоса", "year": 2021, "age": 56}, {"job": "Строитель", "salary": 132520, "id": 3321092, "city": "Загреб", "year": 2008, "age": 65}, {"job": "Психолог", "salary": 52702, "id": 8809368, "city": "Варшава", "year": 2014, "age": 52}, {"job": "Менеджер", "salary": 106848, "id": 9499892, "city": "Малага", "year": 2005, "age": 43}, {"job": "Врач", "salary": 128200, "id": 2390864, "city": "Кишинев", "year": 2010, "age": 62}, {"job": "Повар", "salary": 38239, "id": 1066181, "city": "Хихон", "year": 2008, "age": 36}, {"job": "IT-специалист", "salary": 149493, "id": 4186140, "city": "Афины", "year": 2021, "age": 52}, {"job": "Повар", "salary": 32267, "id": 5350029, "city": "Картахена", "year": 2018, "age": 35}, {"job": "Учитель", "salary": 178954, "id": 4794038, "city": "Ереван", "year": 2007, "age": 39}, {"job": "Архитектор", "salary": 198164, "id": 5706254, "city": "Санкт-Петербург", "year": 2018, "age": 18}, {"job": "Бухгалтер", "salary": 171720, "id": 9787254, "city": "Камбадос", "year": 2004, "age": 33}, {"job": "Архитектор", "salary": 74621, "id": 9647287, "city": "Вроцлав", "year": 2016, "age": 55}, {"job": "IT-специалист", "salary": 149808, "id": 6741976, "city": "Авилес", "year": 1999, "age": 22}, {"job": "Программист", "salary": 98993, "id": 4914953, "city": "Сеговия", "year": 2001, "age": 37}, {"job": "Врач", "salary": 114641, "id": 7591630, "city": "Касерес", "year": 2014, "age": 29}, {"job": "Учитель", "salary": 149531, "id": 3595137, "city": "Таллин", "year": 2006, "age": 31}, {"job": "Инженер", "salary": 145446, "id": 8683340, "city": "Касерес", "year": 2009, "age": 37}, {"job": "Инженер", "salary": 91175, "id": 8422271, "city": "Алма-Ата", "year": 2005, "age": 46}, {"job": "Менеджер", "salary": 45737, "id": 1024536, "city": "Барселона", "year": 2008, "age": 46}, {"job": "Менеджер", "salary": 110571, "id": 7587250, "city": "Вальядолид", "year": 2018, "age": 61}, {"job": "Повар", "salary": 148044, "id": 8655341, "city": "Астана", "year": 1999, "age": 49}, {"job": "Повар", "salary": 34525, "id": 5613048, "city": "Камбадос", "year": 2014, "age": 22}, {"job": "Врач", "salary": 24352, "id": 8007753, "city": "Эльче", "year": 1999, "age": 21}, {"job": "Психолог", "salary": 111054, "id": 3213102, "city": "Сория", "year": 2022, "age": 49}, {"job": "Учитель", "salary": 133899, "id": 7721393, "city": "Касерес", "year": 2019, "age": 23}, {"job": "Менеджер", "salary": 85254, "id": 7779267, "city": "Монсон", "year": 2007, "age": 46}, {"job": "Строитель", "salary": 131256, "id": 5914446, "city": "Сан-Себастьян", "year": 2013, "age": 57}, {"job": "Психолог", "salary": 89412, "id": 5185250, "city": "Фигерас", "year": 2010, "age": 56}, {"job": "Оператор call-центра", "salary": 158638, "id": 2901269, "city": "Хихон", "year": 2000, "age": 18}, {"job": "Оператор call-центра", "salary": 170153, "id": 5028396, "city": "Санкт-Петербург", "year": 2009, "age": 48}, {"job": "Программист", "salary": 140527, "id": 3983780, "city": "Камбадос", "year": 2011, "age": 45}, {"job": "Архитектор", "salary": 158649, "id": 3978347, "city": "Сеговия", "year": 2018, "age": 62}, {"job": "Повар", "salary": 56848, "id": 9957606, "city": "Фигерас", "year": 2021, "age": 65}, {"job": "IT-специалист", "salary": 66180, "id": 1464698, "city": "Севилья", "year": 2003, "age": 35}, {"job": "Оператор call-центра", "salary": 134805, "id": 5485163, "city": "Бильбао", "year": 2019, "age": 45}, {"job": "Инженер", "salary": 188508, "id": 3869567, "city": "Фигерас", "year": 2019, "age": 20}, {"job": "Косметолог", "salary": 180765, "id": 8307341, "city": "Камбадос", "year": 2014, "age": 63}, {"job": "Менеджер", "salary": 44113, "id": 6395876, "city": "Навалькарнеро", "year": 2014, "age": 22}, {"job": "Инженер", "salary": 142077, "id": 7400625, "city": "Барселона", "year": 2007, "age": 26}, {"job": "Повар", "salary": 50890, "id": 4746195, "city": "Тирана", "year": 2012, "age": 32}, {"job": "Медсестра", "salary": 33288, "id": 3061302, "city": "Вроцлав", "year": 2016, "age": 52}, {"job": "Строитель", "salary": 144499, "id": 7769855, "city": "Краков", "year": 2004, "age": 54}, {"job": "Строитель", "salary": 45177, "id": 2819702, "city": "Тирана", "year": 2004, "age": 60}, {"job": "Программист", "salary": 32124, "id": 4280782, "city": "Скопье", "year": 2020, "age": 22}, {"job": "Повар", "salary": 178048, "id": 9789117, "city": "Сория", "year": 2006, "age": 25}, {"job": "Бухгалтер", "salary": 194117, "id": 3516394, "city": "Бургос", "year": 2017, "age": 47}, {"job": "Медсестра", "salary": 25456, "id": 7480644, "city": "Виго", "year": 2019, "age": 20}, {"job": "Оператор call-центра", "salary": 115359, "id": 6515810, "city": "Навалькарнеро", "year": 2007, "age": 37}, {"job": "Строитель", "salary": 166609, "id": 6864599, "city": "Мартоса", "year": 1999, "age": 18}, {"job": "Психолог", "salary": 179811, "id": 8072043, "city": "Эльче", "year": 2011, "age": 35}, {"job": "Оператор call-центра", "salary": 62038, "id": 8029593, "city": "Куэнка", "year": 2003, "age": 26}, {"job": "Водитель", "salary": 100748, "id": 5356997, "city": "Таллин", "year": 2017, "age": 32}, {"job": "Строитель", "salary": 118506, "id": 6293795, "city": "София", "year": 2014, "age": 65}, {"job": "Архитектор", "salary": 89650, "id": 6298195, "city": "Хихон", "year": 2022, "age": 58}, {"job": "Медсестра", "salary": 60842, "id": 5084151, "city": "Москва", "year": 2004, "age": 20}, {"job": "Программист", "salary": 187668, "id": 6841277, "city": "Рига", "year": 2004, "age": 44}, {"job": "Косметолог", "salary": 38379, "id": 7646760, "city": "Будапешт", "year": 2021, "age": 47}, {"job": "Менеджер", "salary": 58354, "id": 5602676, "city": "Санхенхо", "year": 2005, "age": 59}, {"job": "Косметолог", "salary": 107729, "id": 4286822, "city": "Душанбе", "year": 2019, "age": 51}, {"job": "Оператор call-центра", "salary": 162532, "id": 5293505, "city": "Душанбе", "year": 2008, "age": 35}, {"job": "Врач", "salary": 114372, "id": 8186229, "city": "Варшава", "year": 2021, "age": 52}, {"job": "Менеджер", "salary": 23694, "id": 8400475, "city": "Ла-Корунья", "year": 2015, "age": 44}, {"job": "Менеджер", "salary": 186607, "id": 1787046, "city": "Душанбе", "year": 2009, "age": 48}, {"job": "Бухгалтер", "salary": 134469, "id": 8136790, "city": "Ташкент", "year": 2005, "age": 62}, {"job": "Косметолог", "salary": 141465, "id": 7389470, "city": "Авилес", "year": 2016, "age": 31}, {"job": "Косметолог", "salary": 124471, "id": 4555808, "city": "Бланес", "year": 2020, "age": 27}, {"job": "Строитель", "salary": 37271, "id": 8936690, "city": "Ла-Корунья", "year": 2013, "age": 29}, {"job": "Врач", "salary": 188580, "id": 8604831, "city": "Лас-Росас", "year": 2021, "age": 23}, {"job": "Оператор call-центра", "salary": 74504, "id": 3593236, "city": "Самора", "year": 2014, "age": 52}, {"job": "Бухгалтер", "salary": 168322, "id": 3444494, "city": "Фигерас", "year": 2018, "age": 33}, {"job": "IT-специалист", "salary": 120512, "id": 6849839, "city": "Бильбао", "year": 2015, "age": 39}, {"job": "Врач", "salary": 79429, "id": 2709719, "city": "Афины", "year": 2014, "age": 58}, {"job": "Продавец", "salary": 45136, "id": 4753498, "city": "Сан-Себастьян", "year": 2014, "age": 33}, {"job": "IT-специалист", "salary": 73845, "id": 6982830, "city": "Фигерас", "year": 2017, "age": 38}, {"job": "Архитектор", "salary": 197309, "id": 1205352, "city": "Мурсия", "year": 2020, "age": 49}, {"job": "Бухгалтер", "salary": 140997, "id": 8114001, "city": "Луго", "year": 2001, "age": 37}, {"job": "Программист", "salary": 74437, "id": 7109419, "city": "Самора", "year": 1999, "age": 63}, {"job": "IT-специалист", "salary": 164328, "id": 8259023, "city": "Мерида", "year": 2016, "age": 43}, {"job": "Косметолог", "salary": 161615, "id": 5968214, "city": "Бургос", "year": 2007, "age": 26}, {"job": "Косметолог", "salary": 65666, "id": 7381855, "city": "Тарраса", "year": 2016, "age": 30}, {"job": "Учитель", "salary": 152310, "id": 5699214, "city": "Баку", "year": 2006, "age": 23}, {"job": "Учитель", "salary": 190956, "id": 2210685, "city": "Тудела", "year": 2019, "age": 31}, {"job": "Повар", "salary": 112379, "id": 9681071, "city": "Осера", "year": 2006, "age": 49}, {"job": "Медсестра", "salary": 53423, "id": 1132984, "city": "Бургос", "year": 2007, "age": 39}, {"job": "Строитель", "salary": 36211, "id": 4266255, "city": "Сория", "year": 2002, "age": 27}, {"job": "Программист", "salary": 79660, "id": 5447710, "city": "Тбилиси", "year": 2014, "age": 22}, {"job": "Медсестра", "salary": 131996, "id": 8716618, "city": "Подгорица", "year": 2018, "age": 40}, {"job": "Учитель", "salary": 32453, "id": 5276336, "city": "Кордова", "year": 1999, "age": 20}, {"job": "Косметолог", "salary": 94890, "id": 4852786, "city": "Сория", "year": 2006, "age": 56}, {"job": "Водитель", "salary": 91702, "id": 1835016, "city": "Таллин", "year": 2003, "age": 43}, {"job": "Оператор call-центра", "salary": 131132, "id": 3701895, "city": "Тарраса", "year": 2021, "age": 34}, {"job": "Продавец", "salary": 126717, "id": 9116259, "city": "Вильявисиоса", "year": 2009, "age": 24}, {"job": "Продавец", "salary": 198528, "id": 4401181, "city": "Малага", "year": 2007, "age": 56}, {"job": "Оператор call-центра", "salary": 57094, "id": 8921641, "city": "Камбадос", "year": 2008, "age": 28}, {"job": "Архитектор", "salary": 173555, "id": 8572509, "city": "Мадрид", "year": 2012, "age": 51}, {"job": "Оператор call-центра", "salary": 124498, "id": 2503403, "city": "Льейда", "year": 1999, "age": 28}, {"job": "Психолог", "salary": 118782, "id": 6016823, "city": "Ла-Корунья", "year": 2015, "age": 56}, {"job": "Бухгалтер", "salary": 93889, "id": 4864258, "city": "Гранада", "year": 2000, "age": 57}, {"job": "Инженер", "salary": 21627, "id": 2965013, "city": "Душанбе", "year": 2011, "age": 21}, {"job": "IT-специалист", "salary": 121771, "id": 6337074, "city": "Севилья", "year": 2022, "age": 22}, {"job": "Программист", "salary": 181216, "id": 3300350, "city": "Мерида", "year": 2003, "age": 60}, {"job": "IT-специалист", "salary": 58964, "id": 5657365, "city": "Белград", "year": 2021, "age": 44}, {"job": "Продавец", "salary": 147964, "id": 8384081, "city": "Семана", "year": 2021, "age": 37}, {"job": "Продавец", "salary": 109174, "id": 5580963, "city": "Касерес", "year": 2008, "age": 27}, {"job": "Учитель", "salary": 143075, "id": 4670697, "city": "Вальядолид", "year": 2001, "age": 54}, {"job": "Программист", "salary": 181387, "id": 9580508, "city": "Бланес", "year": 1999, "age": 42}, {"job": "IT-специалист", "salary": 81324, "id": 4963837, "city": "Виго", "year": 2022, "age": 42}, {"job": "Оператор call-центра", "salary": 118502, "id": 2918091, "city": "Ташкент", "year": 2011, "age": 34}, {"job": "Менеджер", "salary": 176059, "id": 5639046, "city": "Самора", "year": 2009, "age": 45}, {"job": "Оператор call-центра", "salary": 148013, "id": 9283785, "city": "Малага", "year": 2006, "age": 48}, {"job": "Инженер", "salary": 177027, "id": 3190842, "city": "Валенсия", "year": 2021, "age": 53}, {"job": "Медсестра", "salary": 41410, "id": 6671855, "city": "Сан-Себастьян", "year": 2012, "age": 40}, {"job": "Продавец", "salary": 105791, "id": 5372228, "city": "Трухильо", "year": 2008, "age": 44}, {"job": "Медсестра", "salary": 86206, "id": 5399743, "city": "Артейхо", "year": 2021, "age": 22}, {"job": "Строитель", "salary": 99277, "id": 7240096, "city": "Астана", "year": 2021, "age": 41}, {"job": "Учитель", "salary": 98930, "id": 1135262, "city": "Краков", "year": 2015, "age": 57}, {"job": "Архитектор", "salary": 151769, "id": 1971224, "city": "Мерида", "year": 2018, "age": 34}, {"job": "Продавец", "salary": 189384, "id": 8099836, "city": "Куэнка", "year": 2006, "age": 34}, {"job": "Водитель", "salary": 93523, "id": 2759333, "city": "Навалькарнеро", "year": 2001, "age": 26}, {"job": "Строитель", "salary": 187062, "id": 3653045, "city": "Хихон", "year": 2021, "age": 45}, {"job": "Оператор call-центра", "salary": 174874, "id": 3006078, "city": "Минск", "year": 2014, "age": 50}, {"job": "Водитель", "salary": 53921, "id": 3315013, "city": "Таллин", "year": 2013, "age": 44}, {"job": "Оператор call-центра", "salary": 177088, "id": 2698798, "city": "Белград", "year": 2000, "age": 18}, {"job": "Строитель", "salary": 24666, "id": 5333478, "city": "Мерида", "year": 2012, "age": 19}, {"job": "Бухгалтер", "salary": 192553, "id": 7046371, "city": "Сан-Себастьян", "year": 2010, "age": 64}, {"job": "Косметолог", "salary": 121698, "id": 1877511, "city": "Ла-Корунья", "year": 2018, "age": 31}, {"job": "Медсестра", "salary": 180529, "id": 4177013, "city": "Навалькарнеро", "year": 2013, "age": 25}, {"job": "Врач", "salary": 37659, "id": 7187561, "city": "Тирана", "year": 2005, "age": 38}, {"job": "Строитель", "salary": 63101, "id": 7223025, "city": "Вильнюс", "year": 2002, "age": 56}, {"job": "Медсестра", "salary": 124147, "id": 7824309, "city": "Тбилиси", "year": 2021, "age": 50}, {"job": "Психолог", "salary": 67140, "id": 8342455, "city": "Севилья", "year": 2016, "age": 63}, {"job": "Строитель", "salary": 131362, "id": 5767947, "city": "Скопье", "year": 2012, "age": 30}, {"job": "Строитель", "salary": 128429, "id": 8167999, "city": "Минск", "year": 2002, "age": 61}, {"job": "Программист", "salary": 196574, "id": 7968969, "city": "Эль-Пуэрто-де-Санта-Мария", "year": 2018, "age": 33}, {"job": "Инженер", "salary": 25499, "id": 8975498, "city": "Мурсия", "year": 2005, "age": 29}, {"job": "Косметолог", "salary": 97021, "id": 8195992, "city": "Камбадос", "year": 2012, "age": 28}, {"job": "Психолог", "salary": 66513, "id": 9160064, "city": "Минск", "year": 2020, "age": 63}, {"job": "Оператор call-центра", "salary": 179949, "id": 6332539, "city": "Варшава", "year": 2018, "age": 33}, {"job": "Психолог", "salary": 91265, "id": 3989882, "city": "Кадакес", "year": 2019, "age": 64}, {"job": "Психолог", "salary": 144766, "id": 6389487, "city": "Аликанте", "year": 2010, "age": 33}, {"job": "Продавец", "salary": 157974, "id": 8029205, "city": "Таллин", "year": 2007, "age": 54}, {"job": "Менеджер", "salary": 72141, "id": 2125403, "city": "Санхенхо", "year": 2007, "age": 58}, {"job": "Водитель", "salary": 175595, "id": 4892656, "city": "Санхенхо", "year": 2020, "age": 42}, {"job": "Продавец", "salary": 104595, "id": 7622254, "city": "Куэнка", "year": 2018, "age": 65}, {"job": "Менеджер", "salary": 57377, "id": 5485900, "city": "Кишинев", "year": 2004, "age": 45}, {"job": "Программист", "salary": 20245, "id": 1933683, "city": "Гранада", "year": 2007, "age": 43}, {"job": "Продавец", "salary": 81637, "id": 6511314, "city": "Фигерас", "year": 2020, "age": 32}, {"job": "Менеджер", "salary": 33657, "id": 1887202, "city": "Тирана", "year": 2005, "age": 57}, {"job": "Строитель", "salary": 92163, "id": 6255541, "city": "Ташкент", "year": 2008, "age": 56}, {"job": "Продавец", "salary": 193869, "id": 2121062, "city": "Вроцлав", "year": 2006, "age": 32}, {"job": "Косметолог", "salary": 25711, "id": 7595073, "city": "Эльче", "year": 2000, "age": 64}, {"job": "Инженер", "salary": 45975, "id": 4467762, "city": "Бланес", "year": 2011, "age": 38}, {"job": "Программист", "salary": 76888, "id": 5556449, "city": "Вальядолид", "year": 2013, "age": 57}, {"job": "Косметолог", "salary": 163905, "id": 4811871, "city": "Тудела", "year": 2007, "age": 30}, {"job": "IT-специалист", "salary": 33595, "id": 9417058, "city": "Хельсинки", "year": 2016, "age": 42}, {"job": "Медсестра", "salary": 176607, "id": 5062463, "city": "Бургос", "year": 2000, "age": 52}, {"job": "Косметолог", "salary": 60751, "id": 3965157, "city": "Алькала-де-Энарес", "year": 2022, "age": 30}, {"job": "Оператор call-центра", "salary": 154769, "id": 5082970, "city": "Картахена", "year": 2009, "age": 37}, {"job": "Повар", "salary": 166117, "id": 9642767, "city": "Сеговия", "year": 2013, "age": 28}, {"job": "Менеджер", "salary": 192443, "id": 2330241, "city": "София", "year": 2000, "age": 56}, {"job": "Водитель", "salary": 198559, "id": 6750097, "city": "Бильбао", "year": 2010, "age": 40}, {"job": "Инженер", "salary": 60632, "id": 7558610, "city": "Бургос", "year": 2014, "age": 49}, {"job": "Инженер", "salary": 166169, "id": 6598004, "city": "Бильбао", "year": 2002, "age": 39}, {"job": "Медсестра", "salary": 91758, "id": 9530259, "city": "Кордова", "year": 2018, "age": 39}, {"job": "Психолог", "salary": 146258, "id": 8796092, "city": "Прага", "year": 2015, "age": 50}, {"job": "Водитель", "salary": 175310, "id": 5320074, "city": "Мартоса", "year": 2009, "age": 25}, {"job": "Психолог", "salary": 121652, "id": 1394997, "city": "Санхенхо", "year": 2011, "age": 44}, {"job": "Менеджер", "salary": 140176, "id": 6943784, "city": "Самора", "year": 2007, "age": 46}, {"job": "Учитель", "salary": 142439, "id": 6530720, "city": "Бишкек", "year": 2017, "age": 26}, {"job": "Бухгалтер", "salary": 84943, "id": 5986869, "city": "Тирана", "year": 2005, "age": 48}, {"job": "Медсестра", "salary": 134799, "id": 6034684, "city": "Сория", "year": 2012, "age": 48}, {"job": "Врач", "salary": 172149, "id": 9139887, "city": "Монсон", "year": 1999, "age": 55}, {"job": "Архитектор", "salary": 168947, "id": 3332682, "city": "Барселона", "year": 2010, "age": 41}, {"job": "Водитель", "salary": 81594, "id": 5218506, "city": "Авилес", "year": 2002, "age": 25}, {"job": "Косметолог", "salary": 67489, "id": 3877833, "city": "Луго", "year": 2006, "age": 64}, {"job": "Врач", "salary": 194780, "id": 9945412, "city": "Хихон", "year": 2009, "age": 65}, {"job": "Оператор call-центра", "salary": 55116, "id": 4894274, "city": "София", "year": 2004, "age": 50}, {"job": "Учитель", "salary": 28315, "id": 4389770, "city": "Барселона", "year": 2000, "age": 52}, {"job": "Строитель", "salary": 194935, "id": 8700003, "city": "Сеговия", "year": 2014, "age": 20}, {"job": "Водитель", "salary": 164979, "id": 6767224, "city": "Осера", "year": 2020, "age": 35}, {"job": "Учитель", "salary": 62059, "id": 5840655, "city": "Мартоса", "year": 2002, "age": 51}, {"job": "Психолог", "salary": 81435, "id": 4344457, "city": "Артейхо", "year": 2008, "age": 54}, {"job": "Косметолог", "salary": 197123, "id": 5378858, "city": "Рига", "year": 2006, "age": 19}, {"job": "Повар", "salary": 159220, "id": 4023929, "city": "Афины", "year": 2009, "age": 62}, {"job": "Врач", "salary": 159334, "id": 3279904, "city": "Рига", "year": 1999, "age": 35}, {"job": "Программист", "salary": 51734, "id": 2604797, "city": "Виго", "year": 2011, "age": 44}, {"job": "Оператор call-центра", "salary": 82950, "id": 6288066, "city": "Малага", "year": 2016, "age": 23}, {"job": "Врач", "salary": 69022, "id": 7829236, "city": "Мадрид", "year": 2012, "age": 20}, {"job": "Строитель", "salary": 97814, "id": 9901567, "city": "Бургос", "year": 2014, "age": 65}, {"job": "Косметолог", "salary": 143097, "id": 8011921, "city": "Скопье", "year": 2017, "age": 25}, {"job": "Менеджер", "salary": 189367, "id": 6836378, "city": "Москва", "year": 2017, "age": 49}, {"job": "Программист", "salary": 133354, "id": 4830612, "city": "Тирана", "year": 2006, "age": 55}, {"job": "Врач", "salary": 107268, "id": 8010954, "city": "Белград", "year": 2009, "age": 38}, {"job": "Строитель", "salary": 71954, "id": 5978616, "city": "Вроцлав", "year": 2020, "age": 57}, {"job": "Учитель", "salary": 144859, "id": 4128643, "city": "Эль-Пуэрто-де-Санта-Мария", "year": 2016, "age": 61}, {"job": "Психолог", "salary": 171444, "id": 5343106, "city": "Бланес", "year": 2002, "age": 28}, {"job": "Бухгалтер", "salary": 56896, "id": 4327949, "city": "Авилес", "year": 2014, "age": 27}, {"job": "Медсестра", "salary": 56575, "id": 9820307, "city": "Малага", "year": 2008, "age": 61}, {"job": "Косметолог", "salary": 57388, "id": 6802921, "city": "Осера", "year": 2008, "age": 40}, {"job": "Медсестра", "salary": 84031, "id": 2682611, "city": "Осера", "year": 2018, "age": 23}, {"job": "IT-специалист", "salary": 76942, "id": 9621395, "city": "Бланес", "year": 1999, "age": 45}, {"job": "Менеджер", "salary": 114320, "id": 9334355, "city": "Ереван", "year": 2011, "age": 44}, {"job": "Архитектор", "salary": 84103, "id": 4269611, "city": "София", "year": 2000, "age": 49}, {"job": "Медсестра", "salary": 195217, "id": 6519157, "city": "Осера", "year": 2014, "age": 25}, {"job": "Медсестра", "salary": 46480, "id": 8811416, "city": "Афины", "year": 2004, "age": 31}, {"job": "Бухгалтер", "salary": 146510, "id": 4704414, "city": "Луго", "year": 2020, "age": 28}, {"job": "Водитель", "salary": 169666, "id": 5057115, "city": "Картахена", "year": 2006, "age": 35}, {"job": "Менеджер", "salary": 132042, "id": 4777808, "city": "Тбилиси", "year": 2007, "age": 24}, {"job": "Водитель", "salary": 177536, "id": 3081569, "city": "Краков", "year": 2011, "age": 56}, {"job": "Повар", "salary": 110514, "id": 9272610, "city": "Мурсия", "year": 2014, "age": 25}, {"job": "Бухгалтер", "salary": 52524, "id": 7989203, "city": "Луарка", "year": 2007, "age": 37}, {"job": "IT-специалист", "salary": 178045, "id": 6588421, "city": "Варшава", "year": 1999, "age": 39}, {"job": "Менеджер", "salary": 183351, "id": 8344494, "city": "Луго", "year": 2021, "age": 49}, {"job": "Продавец", "salary": 198975, "id": 5869802, "city": "Луго", "year": 2017, "age": 19}, {"job": "Менеджер", "salary": 68292, "id": 7390740, "city": "Таллин", "year": 2021, "age": 30}, {"job": "Менеджер", "salary": 107336, "id": 5891074, "city": "София", "year": 2002, "age": 36}, {"job": "Менеджер", "salary": 26046, "id": 8991873, "city": "Сараево", "year": 2008, "age": 57}, {"job": "Строитель", "salary": 123613, "id": 8245119, "city": "Хихон", "year": 2004, "age": 42}, {"job": "Строитель", "salary": 122592, "id": 2771008, "city": "Овьедо", "year": 2003, "age": 24}, {"job": "Врач", "salary": 143111, "id": 4099614, "city": "Любляна", "year": 2022, "age": 65}, {"job": "Водитель", "salary": 185210, "id": 2673702, "city": "Любляна", "year": 2019, "age": 44}, {"job": "Бухгалтер", "salary": 164634, "id": 7613604, "city": "Вильнюс", "year": 2003, "age": 24}, {"job": "Психолог", "salary": 153544, "id": 6574135, "city": "Любляна", "year": 2010, "age": 61}, {"job": "Оператор call-центра", "salary": 94588, "id": 3723301, "city": "Краков", "year": 2013, "age": 46}, {"job": "Косметолог", "salary": 65171, "id": 8944405, "city": "Лас-Росас", "year": 2002, "age": 42}, {"job": "Врач", "salary": 44066, "id": 8278614, "city": "Сеговия", "year": 2009, "age": 50}, {"job": "Бухгалтер", "salary": 106915, "id": 3248979, "city": "Белград", "year": 2007, "age": 21}, {"job": "Повар", "salary": 76427, "id": 7421960, "city": "Таллин", "year": 2021, "age": 35}, {"job": "Водитель", "salary": 124361, "id": 1219214, "city": "Ла-Корунья", "year": 2018, "age": 38}, {"job": "Психолог", "salary": 156860, "id": 3546418, "city": "Ла-Корунья", "year": 2017, "age": 48}, {"job": "Программист", "salary": 174744, "id": 5724800, "city": "Баку", "year": 2013, "age": 54}, {"job": "Учитель", "salary": 159390, "id": 8278651, "city": "Камбадос", "year": 2005, "age": 60}, {"job": "Менеджер", "salary": 120053, "id": 3791365, "city": "Картахена", "year": 2005, "age": 45}, {"job": "Косметолог", "salary": 119319, "id": 7022375, "city": "Осера", "year": 2018, "age": 33}, {"job": "Медсестра", "salary": 186375, "id": 1091702, "city": "Вальядолид", "year": 2009, "age": 48}, {"job": "Водитель", "salary": 192331, "id": 1674988, "city": "Валенсия", "year": 2006, "age": 29}, {"job": "Водитель", "salary": 91528, "id": 4358962, "city": "Севилья", "year": 2007, "age": 48}, {"job": "Водитель", "salary": 79538, "id": 4119347, "city": "Бильбао", "year": 2011, "age": 36}, {"job": "Менеджер", "salary": 110777, "id": 2235521, "city": "Душанбе", "year": 1999, "age": 51}, {"job": "Архитектор", "salary": 90840, "id": 6735234, "city": "Прага", "year": 2018, "age": 19}, {"job": "Продавец", "salary": 183692, "id": 6080471, "city": "Осера", "year": 2001, "age": 23}, {"job": "Бухгалтер", "salary": 41493, "id": 6934434, "city": "Мартоса", "year": 2012, "age": 55}, {"job": "Архитектор", "salary": 181524, "id": 5040255, "city": "Валенсия", "year": 2020, "age": 44}, {"job": "Инженер", "salary": 126799, "id": 6066589, "city": "Мерида", "year": 2001, "age": 38}, {"job": "Оператор call-центра", "salary": 145327, "id": 7691125, "city": "Фигерас", "year": 2019, "age": 33}, {"job": "Учитель", "salary": 188907, "id": 1768110, "city": "Кордова", "year": 2015, "age": 18}, {"job": "Архитектор", "salary": 125141, "id": 1926610, "city": "Ереван", "year": 2002, "age": 21}, {"job": "Продавец", "salary": 123935, "id": 7332349, "city": "Пласенсия", "year": 2009, "age": 49}, {"job": "Психолог", "salary": 32057, "id": 1103881, "city": "Льейда", "year": 2001, "age": 45}, {"job": "Менеджер", "salary": 176922, "id": 2696156, "city": "Подгорица", "year": 2002, "age": 23}, {"job": "Врач", "salary": 146518, "id": 1663596, "city": "Алма-Ата", "year": 2011, "age": 34}, {"job": "Повар", "salary": 60361, "id": 2700081, "city": "Минск", "year": 2010, "age": 59}, {"job": "Медсестра", "salary": 92068, "id": 3011703, "city": "София", "year": 2014, "age": 41}, {"job": "Врач", "salary": 166730, "id": 6655534, "city": "Мурсия", "year": 2001, "age": 20}, {"job": "Водитель", "salary": 58574, "id": 9389316, "city": "Аликанте", "year": 1999, "age": 30}, {"job": "Программист", "salary": 28965, "id": 5994016, "city": "Луго", "year": 2020, "age": 24}, {"job": "Учитель", "salary": 108799, "id": 4671544, "city": "Кишинев", "year": 2003, "age": 55}, {"job": "Водитель", "salary": 145822, "id": 8152027, "city": "Кадакес", "year": 2015, "age": 32}, {"job": "Менеджер", "salary": 39990, "id": 8656293, "city": "Тарраса", "year": 2020, "age": 34}, {"job": "IT-специалист", "salary": 69655, "id": 7504995, "city": "Мартоса", "year": 2017, "age": 36}, {"job": "Бухгалтер", "salary": 120986, "id": 3647103, "city": "Москва", "year": 2000, "age": 39}, {"job": "Учитель", "salary": 87715, "id": 1876746, "city": "Кордова", "year": 2002, "age": 26}, {"job": "Инженер", "salary": 198130, "id": 2608620, "city": "Пласенсия", "year": 2001, "age": 34}, {"job": "Строитель", "salary": 194188, "id": 6696850, "city": "Сантьяго-де-Компостела", "year": 2022, "age": 51}, {"job": "Врач", "salary": 123515, "id": 3216001, "city": "Минск", "year": 2006, "age": 26}, {"job": "Бухгалтер", "salary": 59596, "id": 4620883, "city": "Ла-Корунья", "year": 2015, "age": 40}, {"job": "Медсестра", "salary": 41756, "id": 9834211, "city": "Осера", "year": 2004, "age": 56}, {"job": "Повар", "salary": 88129, "id": 8913559, "city": "Семана", "year": 2011, "age": 52}, {"job": "Бухгалтер", "salary": 20788, "id": 5415665, "city": "Подгорица", "year": 2002, "age": 62}, {"job": "Инженер", "salary": 63225, "id": 2971761, "city": "Вильнюс", "year": 2018, "age": 50}, {"job": "Инженер", "salary": 147839, "id": 5467988, "city": "Бланес", "year": 2000, "age": 51}, {"job": "Водитель", "salary": 34503, "id": 5835962, "city": "Будапешт", "year": 1999, "age": 33}, {"job": "Водитель", "salary": 72554, "id": 4493797, "city": "Афины", "year": 2022, "age": 53}, {"job": "Оператор call-центра", "salary": 50694, "id": 9067197, "city": "Махадаонда", "year": 2014, "age": 34}, {"job": "Косметолог", "salary": 82160, "id": 6721334, "city": "Сараево", "year": 1999, "age": 47}, {"job": "Продавец", "salary": 192034, "id": 9294243, "city": "Краков", "year": 2013, "age": 47}, {"job": "Оператор call-центра", "salary": 77891, "id": 6938412, "city": "Прага", "year": 2008, "age": 24}, {"job": "Учитель", "salary": 90116, "id": 5364203, "city": "Авилес", "year": 2010, "age": 47}, {"job": "Менеджер", "salary": 52383, "id": 6376540, "city": "Ереван", "year": 2007, "age": 55}, {"job": "Продавец", "salary": 147702, "id": 4459929, "city": "Кадакес", "year": 2012, "age": 48}, {"job": "Косметолог", "salary": 66798, "id": 2581047, "city": "Монсон", "year": 2012, "age": 33}, {"job": "Архитектор", "salary": 68624, "id": 7728136, "city": "Хельсинки", "year": 2006, "age": 36}, {"job": "Медсестра", "salary": 86780, "id": 3818863, "city": "Сория", "year": 2014, "age": 41}, {"job": "Учитель", "salary": 106091, "id": 1176739, "city": "Махадаонда", "year": 2022, "age": 51}, {"job": "Менеджер", "salary": 180813, "id": 4739064, "city": "Вроцлав", "year": 2011, "age": 19}, {"job": "Бухгалтер", "salary": 126939, "id": 4172817, "city": "Касерес", "year": 2006, "age": 22}, {"job": "Психолог", "salary": 29872, "id": 7083565, "city": "София", "year": 2010, "age": 18}, {"job": "Повар", "salary": 195064, "id": 1844695, "city": "Прага", "year": 2002, "age": 42}, {"job": "IT-специалист", "salary": 31131, "id": 8559683, "city": "Санхенхо", "year": 2014, "age": 37}, {"job": "IT-специалист", "salary": 76331, "id": 3248604, "city": "Мартоса", "year": 2009, "age": 53}, {"job": "Медсестра", "salary": 112096, "id": 5513114, "city": "Варшава", "year": 2004, "age": 61}, {"job": "IT-специалист", "salary": 112853, "id": 6183507, "city": "Кишинев", "year": 2013, "age": 48}, {"job": "Продавец", "salary": 178146, "id": 2099466, "city": "Бланес", "year": 2017, "age": 56}, {"job": "IT-специалист", "salary": 42107, "id": 8044852, "city": "Сория", "year": 2007, "age": 30}, {"job": "Архитектор", "salary": 120119, "id": 2093925, "city": "Варшава", "year": 1999, "age": 34}, {"job": "Продавец", "salary": 98538, "id": 7639894, "city": "Баку", "year": 2008, "age": 61}, {"job": "Косметолог", "salary": 50135, "id": 8229663, "city": "Трухильо", "year": 2014, "age": 51}, {"job": "Водитель", "salary": 122183, "id": 5745918, "city": "Касерес", "year": 2002, "age": 38}, {"job": "Оператор call-центра", "salary": 43643, "id": 9135684, "city": "Ереван", "year": 2003, "age": 33}, {"job": "IT-специалист", "salary": 105311, "id": 7636684, "city": "Рига", "year": 2009, "age": 60}, {"job": "Водитель", "salary": 77911, "id": 5146598, "city": "Сеговия", "year": 2009, "age": 65}, {"job": "Медсестра", "salary": 130451, "id": 1346910, "city": "Хельсинки", "year": 2014, "age": 30}, {"job": "Строитель", "salary": 82491, "id": 7931547, "city": "Трухильо", "year": 2022, "age": 58}, {"job": "Строитель", "salary": 107832, "id": 3416089, "city": "Тбилиси", "year": 2019, "age": 28}, {"job": "Продавец", "salary": 182304, "id": 6726162, "city": "Монсон", "year": 2001, "age": 35}, {"job": "Оператор call-центра", "salary": 131954, "id": 4567040, "city": "Тудела", "year": 2019, "age": 26}, {"job": "Менеджер", "salary": 127903, "id": 4281938, "city": "Хихон", "year": 2014, "age": 40}, {"job": "Бухгалтер", "salary": 105914, "id": 2451185, "city": "Тирана", "year": 2021, "age": 29}, {"job": "Врач", "salary": 74130, "id": 3031890, "city": "Хельсинки", "year": 2011, "age": 22}, {"job": "Продавец", "salary": 141287, "id": 8188627, "city": "Аликанте", "year": 2015, "age": 51}, {"job": "Архитектор", "salary": 36773, "id": 3006329, "city": "Рига", "year": 2001, "age": 23}, {"job": "Водитель", "salary": 191240, "id": 9407775, "city": "Осера", "year": 2021, "age": 63}, {"job": "Психолог", "salary": 156786, "id": 5054601, "city": "Хихон", "year": 2019, "age": 28}, {"job": "Инженер", "salary": 96843, "id": 5281005, "city": "Краков", "year": 2007, "age": 63}, {"job": "Психолог", "salary": 172092, "id": 4124255, "city": "Вальядолид", "year": 2007, "age": 28}, {"job": "Программист", "salary": 144395, "id": 3106393, "city": "Валенсия", "year": 2011, "age": 53}, {"job": "Инженер", "salary": 46086, "id": 6051501, "city": "Эль-Пуэрто-де-Санта-Мария", "year": 2015, "age": 46}, {"job": "Архитектор", "salary": 167019, "id": 3083051, "city": "Касерес", "year": 2000, "age": 25}, {"job": "IT-специалист", "salary": 20411, "id": 6893793, "city": "Картахена", "year": 2006, "age": 47}, {"job": "Программист", "salary": 82468, "id": 7586580, "city": "Аликанте", "year": 2016, "age": 65}, {"job": "Оператор call-центра", "salary": 23688, "id": 4651132, "city": "Авилес", "year": 2012, "age": 29}, {"job": "Врач", "salary": 71869, "id": 3828562, "city": "Барселона", "year": 1999, "age": 18}, {"job": "Строитель", "salary": 104630, "id": 9385907, "city": "Алькала-де-Энарес", "year": 2002, "age": 46}, {"job": "Повар", "salary": 180366, "id": 8353650, "city": "Сория", "year": 2009, "age": 37}, {"job": "Учитель", "salary": 121670, "id": 9186789, "city": "Виго", "year": 2013, "age": 27}, {"job": "Менеджер", "salary": 181614, "id": 2160166, "city": "Аликанте", "year": 2004, "age": 56}, {"job": "Водитель", "salary": 179621, "id": 2500890, "city": "Севилья", "year": 2010, "age": 25}, {"job": "Повар", "salary": 27754, "id": 3293032, "city": "Сория", "year": 2007, "age": 65}, {"job": "Инженер", "salary": 179143, "id": 4403392, "city": "Афины", "year": 2008, "age": 64}, {"job": "Врач", "salary": 177571, "id": 1827778, "city": "Виго", "year": 2007, "age": 27}, {"job": "Психолог", "salary": 184579, "id": 5956069, "city": "Льейда", "year": 2000, "age": 59}, {"job": "Врач", "salary": 130553, "id": 5622774, "city": "Кишинев", "year": 2005, "age": 52}, {"job": "Строитель", "salary": 114383, "id": 6658754, "city": "Белград", "year": 2013, "age": 55}, {"job": "Оператор call-центра", "salary": 165988, "id": 8097205, "city": "Хельсинки", "year": 2012, "age": 46}, {"job": "Продавец", "salary": 50253, "id": 5539153, "city": "Прага", "year": 2000, "age": 40}, {"job": "Учитель", "salary": 140614, "id": 4067394, "city": "Астана", "year": 2013, "age": 50}, {"job": "Повар", "salary": 141029, "id": 1201594, "city": "Барселона", "year": 2000, "age": 39}, {"job": "Инженер", "salary": 111636, "id": 6606717, "city": "Мартоса", "year": 2014, "age": 27}, {"job": "IT-специалист", "salary": 108643, "id": 5641675, "city": "Вильявисиоса", "year": 2017, "age": 28}, {"job": "Продавец", "salary": 54851, "id": 9335277, "city": "Куэнка", "year": 2021, "age": 62}, {"job": "Медсестра", "salary": 194067, "id": 1019441, "city": "Тбилиси", "year": 2007, "age": 30}, {"job": "Водитель", "salary": 68490, "id": 9857899, "city": "Овьедо", "year": 2008, "age": 21}, {"job": "Продавец", "salary": 107041, "id": 8527101, "city": "Семана", "year": 2015, "age": 62}, {"job": "IT-специалист", "salary": 136211, "id": 7873577, "city": "Авилес", "year": 2022, "age": 31}, {"job": "Инженер", "salary": 118246, "id": 3461923, "city": "София", "year": 2005, "age": 30}, {"job": "Архитектор", "salary": 175930, "id": 8854367, "city": "Краков", "year": 2014, "age": 32}, {"job": "Программист", "salary": 131128, "id": 6240539, "city": "Сараево", "year": 2005, "age": 62}, {"job": "Психолог", "salary": 82894, "id": 5118098, "city": "Любляна", "year": 2015, "age": 37}, {"job": "Врач", "salary": 55761, "id": 8105853, "city": "Белград", "year": 2021, "age": 59}, {"job": "Психолог", "salary": 147806, "id": 6385688, "city": "Душанбе", "year": 2019, "age": 45}, {"job": "Повар", "salary": 139347, "id": 9156809, "city": "Вроцлав", "year": 2011, "age": 33}, {"job": "Программист", "salary": 185604, "id": 7338182, "city": "Подгорица", "year": 2000, "age": 39}, {"job": "Медсестра", "salary": 147455, "id": 2153337, "city": "Ташкент", "year": 2021, "age": 31}, {"job": "Менеджер", "salary": 23883, "id": 7007454, "city": "Овьедо", "year": 2006, "age": 54}, {"job": "Архитектор", "salary": 155772, "id": 3534961, "city": "Сьюдад-Реаль", "year": 2011, "age": 20}, {"job": "Психолог", "salary": 88977, "id": 6737228, "city": "Санкт-Петербург", "year": 2012, "age": 26}, {"job": "Инженер", "salary": 28841, "id": 8717426, "city": "Мурсия", "year": 2014, "age": 25}, {"job": "Строитель", "salary": 46410, "id": 7279784, "city": "Санкт-Петербург", "year": 2019, "age": 49}, {"job": "Менеджер", "salary": 152760, "id": 7089431, "city": "Фигерас", "year": 2000, "age": 53}, {"job": "Психолог", "salary": 192681, "id": 1654868, "city": "Тбилиси", "year": 2011, "age": 25}, {"job": "Косметолог", "salary": 180076, "id": 8930938, "city": "Осера", "year": 2022, "age": 39}, {"job": "Программист", "salary": 169700, "id": 9881893, "city": "Таллин", "year": 2003, "age": 55}, {"job": "Архитектор", "salary": 122742, "id": 5575280, "city": "Ташкент", "year": 2022, "age": 60}, {"job": "Водитель", "salary": 34801, "id": 4034517, "city": "Лас-Росас", "year": 2013, "age": 29}, {"job": "Медсестра", "salary": 194073, "id": 7614035, "city": "Вальядолид", "year": 2014, "age": 36}, {"job": "Косметолог", "salary": 173818, "id": 3119518, "city": "Луарка", "year": 2014, "age": 51}, {"job": "Повар", "salary": 91708, "id": 6681684, "city": "Виго", "year": 2016, "age": 56}, {"job": "Оператор call-центра", "salary": 20132, "id": 8247226, "city": "Скопье", "year": 2013, "age": 55}, {"job": "Повар", "salary": 98990, "id": 7650362, "city": "Баку", "year": 2003, "age": 32}, {"job": "Архитектор", "salary": 178636, "id": 4921385, "city": "Алькала-де-Энарес", "year": 2013, "age": 28}, {"job": "Программист", "salary": 41131, "id": 2104267, "city": "Ереван", "year": 2000, "age": 43}, {"job": "Менеджер", "salary": 198865, "id": 9940703, "city": "Сеговия", "year": 2009, "age": 28}, {"job": "Инженер", "salary": 41392, "id": 2697192, "city": "Тбилиси", "year": 2021, "age": 55}, {"job": "Медсестра", "salary": 69537, "id": 6788519, "city": "Вроцлав", "year": 2012, "age": 58}, {"job": "Продавец", "salary": 172441, "id": 6979905, "city": "Астана", "year": 2017, "age": 39}, {"job": "Косметолог", "salary": 36430, "id": 6249500, "city": "Тарраса", "year": 2020, "age": 41}, {"job": "Строитель", "salary": 89045, "id": 6538022, "city": "Самора", "year": 2007, "age": 60}, {"job": "Архитектор", "salary": 104470, "id": 6138987, "city": "Картахена", "year": 2007, "age": 30}, {"job": "Продавец", "salary": 175845, "id": 3439599, "city": "Эльче", "year": 2015, "age": 36}, {"job": "Продавец", "salary": 28720, "id": 2656586, "city": "Трухильо", "year": 2020, "age": 59}, {"job": "Психолог", "salary": 92232, "id": 8296778, "city": "Прага", "year": 2007, "age": 42}, {"job": "Оператор call-центра", "salary": 163652, "id": 6004178, "city": "Вильявисиоса", "year": 2013, "age": 63}, {"job": "Врач", "salary": 159972, "id": 6010548, "city": "Самора", "year": 2020, "age": 20}, {"job": "Программист", "salary": 180967, "id": 6017825, "city": "Хихон", "year": 2002, "age": 19}, {"job": "Продавец", "salary": 150204, "id": 2736426, "city": "Любляна", "year": 2006, "age": 31}, {"job": "IT-специалист", "salary": 71050, "id": 1732927, "city": "Санхенхо", "year": 2016, "age": 62}, {"job": "Медсестра", "salary": 165160, "id": 4189957, "city": "Навалькарнеро", "year": 2014, "age": 47}, {"job": "Повар", "salary": 187673, "id": 9275071, "city": "Кордова", "year": 2022, "age": 33}, {"job": "Бухгалтер", "salary": 172273, "id": 5740047, "city": "Аликанте", "year": 2008, "age": 35}, {"job": "Водитель", "salary": 82957, "id": 1165553, "city": "Минск", "year": 2019, "age": 46}, {"job": "Продавец", "salary": 102409, "id": 7000061, "city": "Овьедо", "year": 2013, "age": 61}, {"job": "Архитектор", "salary": 61439, "id": 2724055, "city": "Подгорица", "year": 2000, "age": 58}, {"job": "Строитель", "salary": 103938, "id": 7468179, "city": "Семана", "year": 2005, "age": 42}, {"job": "Инженер", "salary": 109082, "id": 6981407, "city": "Афины", "year": 2022, "age": 43}, {"job": "IT-специалист", "salary": 103889, "id": 5709766, "city": "Кишинев", "year": 2009, "age": 22}, {"job": "Водитель", "salary": 38238, "id": 3588382, "city": "Таллин", "year": 2016, "age": 44}, {"job": "Медсестра", "salary": 34489, "id": 2349680, "city": "Варшава", "year": 2018, "age": 21}, {"job": "Водитель", "salary": 83383, "id": 6449456, "city": "Монсон", "year": 2001, "age": 35}, {"job": "Продавец", "salary": 135298, "id": 5137101, "city": "Ереван", "year": 2007, "age": 22}, {"job": "Менеджер", "salary": 40954, "id": 3576436, "city": "Загреб", "year": 2022, "age": 34}, {"job": "Медсестра", "salary": 134366, "id": 2768190, "city": "Сория", "year": 2020, "age": 36}, {"job": "Бухгалтер", "salary": 164828, "id": 9213959, "city": "Осера", "year": 1999, "age": 18}, {"job": "Водитель", "salary": 76613, "id": 8231698, "city": "София", "year": 2013, "age": 61}, {"job": "Программист", "salary": 43150, "id": 5494303, "city": "Куэнка", "year": 2014, "age": 33}, {"job": "Продавец", "salary": 98899, "id": 5445617, "city": "Вальядолид", "year": 2009, "age": 56}, {"job": "Бухгалтер", "salary": 62560, "id": 4668105, "city": "Вроцлав", "year": 2009, "age": 24}, {"job": "Врач", "salary": 28081, "id": 3719989, "city": "Осера", "year": 2001, "age": 60}, {"job": "Повар", "salary": 172103, "id": 2766796, "city": "Хихон", "year": 2007, "age": 55}, {"job": "Врач", "salary": 76780, "id": 9290133, "city": "Пласенсия", "year": 2003, "age": 26}, {"job": "Косметолог", "salary": 93745, "id": 9010996, "city": "Сантьяго-де-Компостела", "year": 2001, "age": 30}, {"job": "Водитель", "salary": 135042, "id": 1965359, "city": "Вильнюс", "year": 2003, "age": 30}, {"job": "Косметолог", "salary": 68511, "id": 8753572, "city": "Касерес", "year": 2001, "age": 65}, {"job": "Менеджер", "salary": 25226, "id": 3528283, "city": "Эльче", "year": 2004, "age": 37}, {"job": "Косметолог", "salary": 108540, "id": 7618950, "city": "Кишинев", "year": 1999, "age": 55}, {"job": "Повар", "salary": 74207, "id": 5242014, "city": "Эльче", "year": 2010, "age": 32}, {"job": "Программист", "salary": 153487, "id": 1217843, "city": "Варшава", "year": 2016, "age": 25}, {"job": "Строитель", "salary": 168263, "id": 5185005, "city": "Сараево", "year": 2011, "age": 58}, {"job": "Менеджер", "salary": 121869, "id": 6479569, "city": "Хихон", "year": 2012, "age": 21}, {"job": "Архитектор", "salary": 192924, "id": 3336224, "city": "Мурсия", "year": 2006, "age": 35}, {"job": "Медсестра", "salary": 46162, "id": 5750844, "city": "Ла-Корунья", "year": 2009, "age": 18}, {"job": "Продавец", "salary": 109227, "id": 7582871, "city": "Сантьяго-де-Компостела", "year": 2002, "age": 25}, {"job": "Учитель", "salary": 176999, "id": 9264005, "city": "Эль-Пуэрто-де-Санта-Мария", "year": 1999, "age": 27}, {"job": "IT-специалист", "salary": 198834, "id": 5002431, "city": "Камбадос", "year": 2015, "age": 49}, {"job": "Медсестра", "salary": 58479, "id": 6740725, "city": "Хихон", "year": 2014, "age": 36}]